news_id,title,description,link,company,ticker,published_date,publisher,language,begin_price,end_price,index_begin_price,index_end_price,price_change,price_change_percentage,index_price_change,index_price_change_percentage,daily_alpha,actual_side,volume,market
15439,Annovis Bio Interview to Air on Bloomberg International on the RedChip Money Report,"BERWYN, Pa., Dec.  17, 2020  (GLOBE NEWSWIRE) -- Annovis Bio Inc. (NYSE American: ANVS), a clinical-stage drug platform company addressing Alzheimer’s disease (AD), Parkinson’s disease (PD) and other neurodegenerative diseases, today announced an interview with its CEO, Maria Maccecchini, Ph.D., will air on The RedChip Money Report television program. The RedChip Money Report airs in 100 million homes on Sundays at 6 p.m. local time in every country in Europe on Bloomberg International.",https://www.globenewswire.com/news-release/2020/12/17/2146815/0/en/Annovis-Bio-Interview-to-Air-on-Bloomberg-International-on-the-RedChip-Money-Report.html,Annovis Bio,ANVS,2020-12-17 06:45:00+00:00,globenewswire_biotech,en,5.949999809265137,5.949999809265137,370.1700134277344,371.94000244140625,0.0,0.0,1.769989013671875,0.478155698588864,-0.478155698588864,UP,158400.0,pre_market
15438,Annovis Bio to Present at the BIO CEO & Investor Digital Conference,"BERWYN, Pa., Feb.  16, 2021  (GLOBE NEWSWIRE) -- Annovis Bio Inc. (NYSE American: ANVS), a clinical-stage drug platform company addressing Alzheimer’s disease (AD), Parkinson’s disease (PD) and other neurodegenerative diseases, today announced that Maria Maccecchini, Ph.D., Founder and Chief Executive Officer, will present at the BIO CEO & Digital Conference, available online February 16-18, 2021. Annovis Bio’s presentation will be accessible on demand during the virtual event for all registered attendees.",https://www.globenewswire.com/news-release/2021/02/16/2175895/0/en/Annovis-Bio-to-Present-at-the-BIO-CEO-Investor-Digital-Conference.html,Annovis Bio,ANVS,2021-02-16 06:45:00+00:00,globenewswire_biotech,en,21.68000030517578,25.0,392.6400146484375,393.9599914550781,3.3199996948242188,15.313651513333317,1.319976806640625,0.33617989949967464,14.977471613833643,UP,327200.0,pre_market
16619,NexImmune Announces Research Collaboration with National Institute of Neurological Disorders and Stroke (NINDS) of the National Institutes of Health (NIH),The collaboration will explore EBV and HTLV-1 antigen-specific immune responses in immunological diseases The collaboration will explore EBV and HTLV-1 antigen-specific immune responses in immunological diseases,https://www.globenewswire.com/news-release/2022/10/06/2529360/0/en/NexImmune-Announces-Research-Collaboration-with-National-Institute-of-Neurological-Disorders-and-Stroke-NINDS-of-the-National-Institutes-of-Health-NIH.html,NexImmune,NEXI,2022-10-06 07:00:00+00:00,globenewswire_biotech,en,16.25,16.13249969482422,377.0899963378906,375.6199951171875,-0.11750030517578125,-0.7230788010817307,-1.470001220703125,-0.3898276896706466,-0.3332511114110841,DOWN,15284.0,pre_market
14658,Radiopharm Theranostics Initiates Process for Nasdaq Listing,Proposed listing on NASDAQ with RADX ticker symbolForm 20-F registration filed with Securities and Exchange CommissionTrading expected to commence late March 2023,https://www.globenewswire.com/news-release/2023/02/14/2607567/0/en/Radiopharm-Theranostics-Initiates-Process-for-Nasdaq-Listing.html,Radiopharm Theranostics,RAD.AX,2023-02-14 08:00:00+00:00,globenewswire_biotech,en,0.12278000265359879,0.12750199437141418,412.8299865722656,411.239990234375,0.004721991717815399,3.8458964129017255,-1.589996337890625,-0.3851455537647329,4.231041966666458,UP,1190893.0,pre_market
16616,NexImmune Announces Data Showing AIM ACT T cells Enhance the Response to Bispecific T cell Engager Therapy at the 2023 Tandem Meetings: Transplantation & Cellular Therapy Meetings of ASTCT and CIBMTR,"GAITHERSBURG, Md., Feb.  16, 2023  (GLOBE NEWSWIRE) -- NexImmune, Inc. (Nasdaq: NEXI), a biotechnology company developing a novel approach to immunotherapy designed to orchestrate a targeted immune response by directing the function of antigen-specific T cells, today announced that new positive, preclinical data will be presented in an abstract titled “Prior Antigen Exposure Enhances the T cell Response to Bispecific T cell Engager Therapy” at the 2023 Tandem Meetings: Transplantation & Cellular Therapy Meetings of ASTCT and CIBMTR, taking place on February 15-19, 2023 in Orlando, Florida.",https://www.globenewswire.com/news-release/2023/02/16/2609548/0/en/NexImmune-Announces-Data-Showing-AIM-ACT-T-cells-Enhance-the-Response-to-Bispecific-T-cell-Engager-Therapy-at-the-2023-Tandem-Meetings-Transplantation-Cellular-Therapy-Meetings-of-.html,NexImmune,NEXI,2023-02-16 07:00:00+00:00,globenewswire_biotech,en,10.25,18.25,413.9800109863281,408.7900085449219,8.0,78.04878048780488,-5.19000244140625,-1.2536843093077874,79.30246479711266,UP,2503539.0,pre_market
43580,Vir Biotechnology Announces Positive Final Draft Guidance on Sotrovimab from the UK’s National Institute for Health and Care Excellence (NICE),Final draft guidance based on cost effectiveness evaluation of sotrovimab Final draft guidance based on cost effectiveness evaluation of sotrovimab,https://www.globenewswire.com/news-release/2023/02/22/2613242/0/en/Vir-Biotechnology-Announces-Positive-Final-Draft-Guidance-on-Sotrovimab-from-the-UK-s-National-Institute-for-Health-and-Care-Excellence-NICE.html,Vir Biotechnology,VIR,2023-02-22 08:30:00+00:00,globenewswire_biotech,en,26.989999771118164,27.0,399.0899963378906,399.5199890136719,0.010000228881835938,0.03705160787936398,0.42999267578125,0.10774328590717056,-0.07069167802780657,UP,1110700.0,pre_market
14657,Dr Ken Herrmann Appointed to RAD Scientific Advisory Board,"SYDNEY, Australia, March  03, 2023  (GLOBE NEWSWIRE) -- Radiopharm Theranostics (ASX:RAD, “Radiopharm” or the “Company”), a developer of a world-class platform of radiopharmaceutical products for both diagnostic and therapeutic uses, is pleased to announce the appointment of Dr Ken Herrmann to the Company’s Scientific Advisory Board (SAB).",https://www.globenewswire.com/news-release/2023/03/03/2620158/0/en/Dr-Ken-Herrmann-Appointed-to-RAD-Scientific-Advisory-Board.html,Radiopharm Theranostics,RAD.AX,2023-03-03 07:30:00+00:00,globenewswire_biotech,en,0.12278000265359879,0.12278000265359879,397.80999755859375,399.7099914550781,0.0,0.0,1.899993896484375,0.47761341045847483,-0.47761341045847483,UP,75742.0,pre_market
14656,Radiopharm Theranostics Partners With Next Generation Preclinical Platform for Therapeutic Radiopharmaceuticals,"SYDNEY, Australia, March  03, 2023  (GLOBE NEWSWIRE) -- Radiopharm Theranostics (ASX:RAD, “Radiopharm” or the “Company”), a developer of radiopharmaceutical products for both diagnostic and therapeutic uses, is pleased to announce that through its wholly owned subsidiary, Radiopharm Theranostics (USA) Inc., it has entered into a binding agreement to acquire Pharma15 Corporation (Pharma15), a private US-based venture which is developing next-generation therapeutic radiopharmaceuticals for Prostate Cancer. Pharma15 was founded by leading radiopharmaceutical scientist Professor David Ulmert and CEO Suzanne Dance.",https://www.globenewswire.com/news-release/2023/03/03/2620252/0/en/Radiopharm-Theranostics-Partners-With-Next-Generation-Preclinical-Platform-for-Therapeutic-Radiopharmaceuticals.html,Radiopharm Theranostics,RAD.AX,2023-03-03 08:41:00+00:00,globenewswire_biotech,en,0.12278000265359879,0.12278000265359879,397.80999755859375,399.7099914550781,0.0,0.0,1.899993896484375,0.47761341045847483,-0.47761341045847483,UP,75742.0,pre_market
14655,Radiopharm Theranostics Invited to Participate in Jefferies Radiopharma Innovation Summit,"SYDNEY, Australia, March  28, 2023  (GLOBE NEWSWIRE) -- Radiopharm Theranostics (ASX:RAD, “Radiopharm” or the “Company”), a developer of radiopharmaceutical products for both diagnostic and therapeutic uses, is pleased to announce that the Company will participate in Jefferies Inaugural Radiopharma Innovation Summit being held in New York City on April 3rd, 2023. Riccardo Canevari, Chief Executive Officer and Managing Director of Radiopharm Theranostics, and Vittorio Puppo, Chief Operating Officer will be available for 1x1 meetings.",https://www.globenewswire.com/news-release/2023/03/28/2635541/0/en/Radiopharm-Theranostics-Invited-to-Participate-in-Jefferies-Radiopharma-Innovation-Summit.html,Radiopharm Theranostics,RAD.AX,2023-03-28 07:30:00+00:00,globenewswire_biotech,en,0.1652809977531433,0.16055800020694733,396.489990234375,395.7699890136719,-0.004722997546195984,-2.85755628922936,-0.720001220703125,-0.18159379516176805,-2.675962494067592,DOWN,138072.0,pre_market
14654,Radiopharm Theranostics Enters Into Supply Agreement with TerThera for Terbium-161 Isotope,"Agreement will supply Tb-161 for RAD 602, a potential first in class radiopharmaceutical for treatment of brain cancers Agreement will supply Tb-161 for RAD 602, a potential first in class radiopharmaceutical for treatment of brain cancers",https://www.globenewswire.com/news-release/2023/04/17/2647815/0/en/Radiopharm-Theranostics-Enters-Into-Supply-Agreement-with-TerThera-for-Terbium-161-Isotope.html,Radiopharm Theranostics,RAD.AX,2023-04-17 07:30:00+00:00,globenewswire_biotech,en,0.16055800020694733,0.16055800020694733,412.4599914550781,412.3699951171875,0.0,0.0,-0.089996337890625,-0.02181941030768476,0.02181941030768476,UP,453755.0,pre_market
15458,Adagene Presents Clinical Data for Anti-CTLA-4 SAFEbody® ADG126 Reinforcing Best-in-Class Safety Profile at Repeat Doses and Showing Early Efficacy Profile in Advanced/Metastatic Solid Tumors,"- Results of dose escalation portion from phase 1b/2 trials of ADG126 in combination with anti-PD-1 therapies, including confirmed clinical responses, pave way for dose expansion in specific tumors -",https://www.globenewswire.com/news-release/2023/04/18/2649190/0/en/Adagene-Presents-Clinical-Data-for-Anti-CTLA-4-SAFEbody-ADG126-Reinforcing-Best-in-Class-Safety-Profile-at-Repeat-Doses-and-Showing-Early-Efficacy-Profile-in-Advanced-Metastatic-So.html,Adagene,ADAG,2023-04-18 09:17:00+00:00,globenewswire_biotech,en,1.4500000476837158,1.5199999809265137,413.94000244140625,415.5799865722656,0.06999993324279785,4.827581444195009,1.639984130859375,0.3961888489121118,4.431392595282897,UP,7100.0,pre_market
15457,Adagene Announces Updates to its Board of Directors,"SAN DIEGO and SUZHOU, China, April  28, 2023  (GLOBE NEWSWIRE) -- Adagene Inc. (“Adagene”) (Nasdaq: ADAG), a platform-driven, clinical-stage biotechnology company transforming the discovery and development of novel antibody-based therapies today announced updates to its board of directors (the “Board”), including the following:",https://www.globenewswire.com/news-release/2023/04/28/2657314/0/en/Adagene-Announces-Updates-to-its-Board-of-Directors.html,Adagene,ADAG,2023-04-28 07:00:00+00:00,globenewswire_biotech,en,1.2899999618530273,1.2899999618530273,412.4100036621094,411.489990234375,0.0,0.0,-0.920013427734375,-0.22308222874441933,0.22308222874441933,UP,5900.0,pre_market
14629,Eloxx Pharmaceuticals Announces FDA Clearance to Begin Single Ascending Dose Study of ZKN-013,ZKN-013 is in development for potential treatment of recessive dystrophic and junctional epidermolysis bullosa (RDEB and JEB) and Familial Adenomatous Polyposis (FAP),https://www.globenewswire.com/news-release/2023/05/02/2659091/0/en/Eloxx-Pharmaceuticals-Announces-FDA-Clearance-to-Begin-Single-Ascending-Dose-Study-of-ZKN-013.html,Eloxx Pharmaceuticals,ELOX,2023-05-02 08:00:00+00:00,globenewswire_biotech,en,6.960000038146973,6.869999885559082,415.510009765625,414.7699890136719,-0.09000015258789062,-1.2931056335432467,-0.740020751953125,-0.17809938017390856,-1.1150062533693381,DOWN,33206.0,pre_market
14958,Vir Biotechnology Receives Expanded Support to Develop Its Novel T Cell Vaccine Platform with New $10 Million Grant for HIV Prevention,"– New grant from the Bill & Melinda Gates Foundation supports the Phase 1 development of VIR-1388, an investigational HIV T cell vaccine based on a novel vector –",https://www.globenewswire.com/news-release/2023/05/02/2659283/0/en/Vir-Biotechnology-Receives-Expanded-Support-to-Develop-Its-Novel-T-Cell-Vaccine-Platform-with-New-10-Million-Grant-for-HIV-Prevention.html,Vir Biotechnology,VIR,2023-05-02 09:00:00+00:00,globenewswire_biotech,en,25.15999984741211,25.010000228881836,415.510009765625,414.7699890136719,-0.14999961853027344,-0.596182907154119,-0.740020751953125,-0.17809938017390856,-0.41808352698021045,DOWN,868700.0,pre_market
16683,RAPT Therapeutics Announces the Appointment of Michael Listgarten as General Counsel,"SOUTH SAN FRANCISCO, Calif., May  03, 2023  (GLOBE NEWSWIRE) -- RAPT Therapeutics, Inc. (Nasdaq: RAPT), a clinical-stage, immunology-based therapeutics company focused on discovering, developing and commercializing oral small molecule therapies for patients with significant unmet needs in inflammatory diseases and oncology, today announced the appointment of Michael Listgarten as General Counsel.",https://www.globenewswire.com/news-release/2023/05/03/2660288/0/en/RAPT-Therapeutics-Announces-the-Appointment-of-Michael-Listgarten-as-General-Counsel.html,RAPT Therapeutics,RAPT,2023-05-03 08:00:00+00:00,globenewswire_biotech,en,140.55999755859375,143.0399932861328,410.8399963378906,411.3599853515625,2.4799957275390625,1.7643680781263908,0.519989013671875,0.1265672812547238,1.637800796871667,UP,37288.0,pre_market
15319,PCI Biotech - Notice of Annual General Meeting 2023,"Oslo, Norway 4 May 2023 - The annual general meeting of PCI Biotech Holding ASA will be held at the company’s office at Oslo Cancer Cluster Innovation Park, on 25 May 2023 at 10:00am (CEST).",https://www.globenewswire.com/news-release/2023/05/04/2661123/0/en/PCI-Biotech-Notice-of-Annual-General-Meeting-2023.html,PCI Biotech Holding,PCIB.OL,2023-05-04 04:04:00+00:00,globenewswire_biotech,en,2.0,2.0,408.0199890136719,406.92999267578125,0.0,0.0,-1.089996337890625,-0.2671428771236258,0.2671428771236258,UP,78625.0,pre_market
15456,Adagene Achieves $3 Million Milestone in Collaboration with Exelixis for Successful Nomination of Second SAFEbody® Novel Masked Antibody-Drug Conjugate,"SAN DIEGO and SUZHOU, China, May  04, 2023  (GLOBE NEWSWIRE) -- Adagene Inc. (“Adagene”) (Nasdaq: ADAG), a platform-driven, clinical-stage biotechnology company transforming the discovery and development of novel antibody-based therapies today announced achievement of a milestone in its ongoing collaboration with Exelixis for development of novel masked antibody-drug conjugate (ADC) candidates leveraging Adagene’s proprietary SAFEbody precision masking technology.",https://www.globenewswire.com/news-release/2023/05/04/2661611/0/en/Adagene-Achieves-3-Million-Milestone-in-Collaboration-with-Exelixis-for-Successful-Nomination-of-Second-SAFEbody-Novel-Masked-Antibody-Drug-Conjugate.html,Adagene,ADAG,2023-05-04 09:00:00+00:00,globenewswire_biotech,en,1.2999999523162842,1.2999999523162842,408.0199890136719,406.92999267578125,0.0,0.0,-1.089996337890625,-0.2671428771236258,0.2671428771236258,UP,5500.0,pre_market
15376,OpGen to Provide Business Update and Financial Results for the First Quarter 2023 on May 15th at 4:30 p.m. Eastern Time,"ROCKVILLE, Md., May  08, 2023  (GLOBE NEWSWIRE) -- OpGen, Inc. (NASDAQ: OPGN) (“OpGen” or “the Company”) announced today that the Company will provide a business update and report its first quarter 2023 financial results after the close of the U.S. financial markets on Monday, May, 15th, 2023. OpGen’s management team will host a live conference call and audio webcast at 4:30 p.m. Eastern Time to discuss the Company’s financial results and provide an update on business activities.",https://www.globenewswire.com/news-release/2023/05/08/2663183/35690/en/OpGen-to-Provide-Business-Update-and-Financial-Results-for-the-First-Quarter-2023-on-May-15th-at-4-30-p-m-Eastern-Time.html,OpGen,OPGN,2023-05-08 07:30:00+00:00,globenewswire_biotech,en,7.639999866485596,7.900000095367432,412.6300048828125,412.9700012207031,0.26000022888183594,3.4031444165644493,0.339996337890625,0.08239738600376006,3.3207470305606894,UP,10580.0,pre_market
14653,Radiopharm Theranostics Receives FDA Orphan Drug Designation for Trivehexin (RAD 301) in Pancreatic Cancer,"SYDNEY, Australia, May  09, 2023  (GLOBE NEWSWIRE) -- Radiopharm Theranostics (ASX:RAD, “Radiopharm” or the “Company”), a developer of a world-class platform of radiopharmaceutical products for both diagnostic and therapeutic uses, is pleased to announce that the US Food and Drug Administration (FDA) has granted Orphan Drug Designation to Ga68-Trivehexin (RAD 301) radiopharmaceutical technology for imaging of patients with pancreatic ductal adenocarcinoma (PDAC).",https://www.globenewswire.com/news-release/2023/05/09/2664296/0/en/Radiopharm-Theranostics-Receives-FDA-Orphan-Drug-Designation-for-Trivehexin-RAD-301-in-Pancreatic-Cancer.html,Radiopharm Theranostics,RAD.AX,2023-05-09 07:30:00+00:00,globenewswire_biotech,en,0.16055800020694733,0.1700029969215393,412.739990234375,411.1300048828125,0.00944499671459198,5.882607345892501,-1.6099853515625,-0.39007253710702167,6.2726798829995225,UP,269947.0,pre_market
15318,PCI Biotech: Invitation to Q1 2023 results presentation,"Oslo, Norway, 9 May 2023 - PCI Biotech (OSE: PCIB) invites to a webcast presentation of the company's Q1 2023 interim report on Friday 12 May 2023, 08:30am – 09:30am CEST (local time).",https://www.globenewswire.com/news-release/2023/05/09/2664612/0/en/PCI-Biotech-Invitation-to-Q1-2023-results-presentation.html,PCI Biotech Holding,PCIB.OL,2023-05-09 09:52:00+00:00,globenewswire_biotech,en,1.850000023841858,2.119999885559082,411.1300048828125,410.92999267578125,0.2699998617172241,14.594586931762349,-0.20001220703125,-0.048649382106825546,14.643236313869174,UP,242120.0,regular_market
16663,Celularity Announces Advisory Guidance From Tamer Group Regarding Anticipated 2023 Purchase Orders for Celularity Branded Halal-Certified Biomaterial Products,"FLORHAM PARK, N.J., May  10, 2023  (GLOBE NEWSWIRE) -- Celularity Inc. (Nasdaq: CELU) (Celularity), a biotechnology company developing placental-derived allogeneic cell therapies and biomaterial products, today announced that it has been advised by Farouk, Maamoun Tamer & Co. (Tamer Group), the exclusive distributor for Celularity's branded Halal-Certified biomaterial products in the Kingdom of Saudi Arabia, that it expects to submit purchase orders through the end of 2023 in the range of $60 million to $80 million.",https://www.globenewswire.com/news-release/2023/05/10/2665590/0/en/Celularity-Announces-Advisory-Guidance-From-Tamer-Group-Regarding-Anticipated-2023-Purchase-Orders-for-Celularity-Branded-Halal-Certified-Biomaterial-Products.html,Celularity,CELU,2023-05-10 09:00:00+00:00,globenewswire_biotech,en,4.230000019073486,4.449999809265137,410.92999267578125,413.8800048828125,0.2199997901916504,5.200940643017723,2.95001220703125,0.7178868078774608,4.483053835140262,UP,47550.0,pre_market
16682,RAPT Therapeutics Reports First Quarter 2023 Financial Results,Company maintains strong cash position of $231.6 million Company maintains strong cash position of $231.6 million,https://www.globenewswire.com/news-release/2023/05/11/2666661/0/en/RAPT-Therapeutics-Reports-First-Quarter-2023-Financial-Results.html,RAPT Therapeutics,RAPT,2023-05-11 08:00:00+00:00,globenewswire_biotech,en,157.27999877929688,156.0,412.8500061035156,411.95001220703125,-1.279998779296875,-0.8138344285550466,-0.899993896484375,-0.21799536954801832,-0.5958390590070283,DOWN,45925.0,pre_market
14955,"Vir Biotechnology Announces First Patient Dosed in New Phase 2 Chronic Hepatitis B Virus Trial Evaluating Combinations of VIR-2218, VIR-3434, PEG-IFNα and an NRTI",– STRIVE is the first Phase 2 sub-protocol trial initiated under Vir’s new PREVAIL platform trial investigating the Company’s novel therapies in two chronic hepatitis B virus patient populations – ,https://www.globenewswire.com/news-release/2023/05/11/2666740/0/en/Vir-Biotechnology-Announces-First-Patient-Dosed-in-New-Phase-2-Chronic-Hepatitis-B-Virus-Trial-Evaluating-Combinations-of-VIR-2218-VIR-3434-PEG-IFN%CE%B1-and-an-NRTI.html,Vir Biotechnology,VIR,2023-05-11 08:30:00+00:00,globenewswire_biotech,en,24.440000534057617,24.260000228881836,412.8500061035156,411.95001220703125,-0.18000030517578125,-0.7364987775877799,-0.899993896484375,-0.21799536954801832,-0.5185034080397616,DOWN,861200.0,pre_market
15317,PCI Biotech interim Q1 2023 results,"Oslo (Norway), 12 May 2023 – PCI Biotech (OSE: PCIB), today announces its interim Q1 2023 results. Please find enclosed the report and presentation.",https://www.globenewswire.com/news-release/2023/05/12/2667502/0/en/PCI-Biotech-interim-Q1-2023-results.html,PCI Biotech Holding,PCIB.OL,2023-05-12 01:00:00+00:00,globenewswire_biotech,en,1.9559999704360962,2.059999942779541,412.1300048828125,413.4200134277344,0.10399997234344482,5.316972081561827,1.290008544921875,0.31301010109387295,5.003961980467954,UP,49444.0,pre_market
14954,"Vir Biotechnology Appoints Jeff Calcagno, M.D., as Executive Vice President and Chief Business Officer","SAN FRANCISCO, May  15, 2023  (GLOBE NEWSWIRE) -- Vir Biotechnology, Inc. (Nasdaq: VIR) today announced the appointment of Jeff Calcagno, M.D., as Executive Vice President and Chief Business Officer. Dr. Calcagno will be responsible for leading the Company’s business development efforts, optimizing existing alliances and establishing new strategic industry and public-private partnerships. He reports to Vir’s Chief Executive Officer Marianne De Backer, M.Sc., Ph.D., MBA, and joins Vir’s executive management team.",https://www.globenewswire.com/news-release/2023/05/15/2668713/0/en/Vir-Biotechnology-Appoints-Jeff-Calcagno-M-D-as-Executive-Vice-President-and-Chief-Business-Officer.html,Vir Biotechnology,VIR,2023-05-15 08:00:00+00:00,globenewswire_biotech,en,24.690000534057617,24.739999771118164,411.5899963378906,412.2200012207031,0.049999237060546875,0.202508043657502,0.6300048828125,0.1530661309599235,0.0494419126975785,UP,1254900.0,pre_market
16661,"Celularity Announces $45 Million Purchase Order,  First Middle East Private Label Agreement For  Celularity’s Halal-Certified Biomaterial Products","FLORHAM PARK, N.J., May  23, 2023  (GLOBE NEWSWIRE) -- Celularity Inc. (Nasdaq: CELU) (Celularity), a biotechnology company developing placental-derived allogeneic cell therapies and biomaterial products, today announced that it has received a $45 million purchase order for Celularity private label Halal-Certified biomaterial products from Jamjoom Medical Store (Jamjoom). Dr. Walid Swelim will serve as marketing manager for promotion and distribution of the products. This marks the first purchase order received by Celularity under its recently announced expansion into the Middle East market, as part of Celularity’s global market strategy.",https://www.globenewswire.com/news-release/2023/05/23/2674277/0/en/Celularity-Announces-45-Million-Purchase-Order-First-Middle-East-Private-Label-Agreement-For-Celularity-s-Halal-Certified-Biomaterial-Products.html,Celularity,CELU,2023-05-23 08:10:00+00:00,globenewswire_biotech,en,6.75,7.0,418.7900085449219,417.0799865722656,0.25,3.7037037037037033,-1.71002197265625,-0.40832444369857096,4.112028147402274,UP,171930.0,pre_market
15316,Disclosure of voting rights for Chairman of the Board,"Oslo, 24 May 2023. PCI Biotech Holding ASA (""PCI Biotech"" or the ""Company"") issue this notification on behalf of its chairman, Hans Peter Bøhn.",https://www.globenewswire.com/news-release/2023/05/24/2674970/0/en/Disclosure-of-voting-rights-for-Chairman-of-the-Board.html,PCI Biotech Holding,PCIB.OL,2023-05-24 04:43:00+00:00,globenewswire_biotech,en,1.899999976158142,1.9780000448226929,414.0899963378906,412.4200134277344,0.07800006866455078,4.105266823332772,-1.66998291015625,-0.4032898463921286,4.508556669724901,UP,47466.0,pre_market
14627,Eloxx Pharmaceuticals Intends to Advance ELX-02 into Pivotal Trial for the Treatment of Alport Syndrome with Nonsense Mutations Following Achievement of Remission in Patient in Phase 2 Study,"Patient treated in trial achieved a remission after eight weeks of treatment, demonstrating a significant reduction in proteinuria",https://www.globenewswire.com/news-release/2023/05/24/2675190/0/en/Eloxx-Pharmaceuticals-Intends-to-Advance-ELX-02-into-Pivotal-Trial-for-the-Treatment-of-Alport-Syndrome-with-Nonsense-Mutations-Following-Achievement-of-Remission-in-Patient-in-Pha.html,Eloxx Pharmaceuticals,ELOX,2023-05-24 08:00:00+00:00,globenewswire_biotech,en,8.59000015258789,8.289999961853027,414.0899963378906,412.4200134277344,-0.3000001907348633,-3.492435220091153,-1.66998291015625,-0.4032898463921286,-3.089145373699024,DOWN,117992.0,pre_market
15315,Minutes from Annual General Meeting 2023,"Oslo, 25 May 2023. The Annual General Meeting in PCI Biotech Holding ASA took place today, 25 May 2023.",https://www.globenewswire.com/news-release/2023/05/25/2675891/0/en/Minutes-from-Annual-General-Meeting-2023.html,PCI Biotech Holding,PCIB.OL,2023-05-25 05:38:00+00:00,globenewswire_biotech,en,1.899999976158142,1.8600000143051147,411.0899963378906,414.739990234375,-0.039999961853027344,-2.1052611765768803,3.649993896484375,0.8878819550462389,-2.9931431316231194,DOWN,20487.0,pre_market
16660,Celularity Tissue Factor Gene Knockout of Allogeneic Stromal Cells Significantly Lowers Thrombotic Effects; Study Highlights Critical Importance of Gene Editing Capability,"Data published online in the journal Cytotherapy demonstrate that CRISPR-mediated tissue factor gene knockout (TFKO) in allogeneic stromal cells (ASCs) leads to significantly lower tissue factor (TF) expression, activity, and thrombotic effects, providing a feasible strategy potentially to improve the safety of ASC-based cell therapy ",https://www.globenewswire.com/news-release/2023/06/01/2680450/0/en/Celularity-Tissue-Factor-Gene-Knockout-of-Allogeneic-Stromal-Cells-Significantly-Lowers-Thrombotic-Effects-Study-Highlights-Critical-Importance-of-Gene-Editing-Capability.html,Celularity,CELU,2023-06-01 09:15:00+00:00,globenewswire_biotech,en,7.599999904632568,7.800000190734863,417.8500061035156,418.0899963378906,0.20000028610229492,2.631582744894313,0.239990234375,0.05743454131134948,2.574148203582964,UP,47610.0,pre_market
16611,NexImmune Presents Initial Positive Data from the NEXI-001 Phase 1 Trial for Relapsed/Refractory Post Allo-HSCT AML at the American Society of Clinical Oncology 2023 Annual Meeting,- Trial includes high risk AML patients that have relapsed post allo-HSCT and are refractory to salvage therapy,https://www.globenewswire.com/news-release/2023/06/05/2681928/0/en/NexImmune-Presents-Initial-Positive-Data-from-the-NEXI-001-Phase-1-Trial-for-Relapsed-Refractory-Post-Allo-HSCT-AML-at-the-American-Society-of-Clinical-Oncology-2023-Annual-Meeting.html,NexImmune,NEXI,2023-06-05 08:01:00+00:00,globenewswire_biotech,en,8.75,9.454999923706055,427.9200134277344,428.2799987792969,0.7049999237060547,8.057141985212054,0.3599853515625,0.08412444855732205,7.973017536654732,UP,11613.0,pre_market
14626,Eloxx Pharmaceuticals Granted Extension by Nasdaq to Regain Compliance with the Market Value of Listed Securities Continued Listing Requirement,"Company continuing to prepare for advancement of clinical assets, including ELX-02 pivotal study in Alport Syndrome and ZKN-013 Phase 1 study Company continuing to prepare for advancement of clinical assets, including ELX-02 pivotal study in Alport Syndrome and ZKN-013 Phase 1 study",https://www.globenewswire.com/news-release/2023/06/06/2682826/0/en/Eloxx-Pharmaceuticals-Granted-Extension-by-Nasdaq-to-Regain-Compliance-with-the-Market-Value-of-Listed-Securities-Continued-Listing-Requirement.html,Eloxx Pharmaceuticals,ELOX,2023-06-06 08:30:00+00:00,globenewswire_biotech,en,6.699999809265137,6.860000133514404,427.1000061035156,426.6700134277344,0.16000032424926758,2.3880646090170052,-0.42999267578125,-0.10067728158192377,2.488741890598929,UP,116036.0,pre_market
14951,Vir Biotechnology Announces Multiple Abstracts Highlighting New Hepatitis B and D Data Accepted for Presentation at EASL™ Congress 2023,– Data support the potential impact of VIR-2218 and VIR-3434 in addressing both HBV and HDV and underscore the Company’s confidence in its approach to a functional cure for HBV – – Data support the potential impact of VIR-2218 and VIR-3434 in addressing both HBV and HDV and underscore the Company’s confidence in its approach to a functional cure for HBV – ,https://www.globenewswire.com/news-release/2023/06/07/2683460/0/en/Vir-Biotechnology-Announces-Multiple-Abstracts-Highlighting-New-Hepatitis-B-and-D-Data-Accepted-for-Presentation-at-EASL-Congress-2023.html,Vir Biotechnology,VIR,2023-06-07 02:13:00+00:00,globenewswire_biotech,en,26.040000915527344,25.940000534057617,428.0299987792969,428.44000244140625,-0.10000038146972656,-0.3840260290086915,0.410003662109375,0.09578853427999641,-0.4798145632886879,DOWN,587700.0,pre_market
16680,RAPT Therapeutics to Participate in the Goldman Sachs Global Healthcare Conference,"SOUTH SAN FRANCISCO, Calif., June  07, 2023  (GLOBE NEWSWIRE) -- RAPT Therapeutics, Inc. (Nasdaq: RAPT), a clinical-stage, immunology-based therapeutics company focused on discovering, developing and commercializing oral small molecule therapies for patients with significant unmet needs in inflammatory diseases and oncology, today announced that Brian Wong, M.D., Ph.D., President and Chief Executive Officer, will participate in a fireside chat at the Goldman Sachs Global Healthcare Conference on Monday, June 12, 2023 at 1:20 p.m. PT.",https://www.globenewswire.com/news-release/2023/06/07/2683699/0/en/RAPT-Therapeutics-to-Participate-in-the-Goldman-Sachs-Global-Healthcare-Conference.html,RAPT Therapeutics,RAPT,2023-06-07 08:00:00+00:00,globenewswire_biotech,en,167.27999877929688,167.60000610351562,428.0299987792969,428.44000244140625,0.32000732421875,0.191300410422023,0.410003662109375,0.09578853427999641,0.0955118761420266,UP,27638.0,pre_market
15374,OpGen Presents Unyvero Urinary Tract Infection Panel Trial Results at ASM Microbe 2023 Conference,"ROCKVILLE, Md., June  20, 2023  (GLOBE NEWSWIRE) -- OpGen, Inc. (Nasdaq: OPGN, “OpGen” or “the Company”), a precision medicine company harnessing the power of molecular diagnostics and bioinformatics to help combat infectious disease, reported that its Principal Scientist Dr. Matthias Klein has presented results from the clinical trial for its Unyvero Urinary Tract Infection Panel during ASM Microbe’s In Depth Symposium session ‘The Year in Clinical Microbiology’ on June 17th in Houston, TX. Based on over 1,800 patient samples, the presentation titled “Multi-Center Clinical Trial Using a Novel Semi-Quantitative Multiplex-PCR Based Diagnostic Panel for Urinary Tract Specimens” summarized the objectives of the clinical trial, the Unyvero UTI panel coverage and result evaluation recommendations based on multiple reference testing methods applied during the study.",https://www.globenewswire.com/news-release/2023/06/20/2690943/35690/en/OpGen-Presents-Unyvero-Urinary-Tract-Infection-Panel-Trial-Results-at-ASM-Microbe-2023-Conference.html,OpGen,OPGN,2023-06-20 07:30:00+00:00,globenewswire_biotech,en,6.0,6.0,439.4599914550781,437.45001220703125,0.0,0.0,-2.009979248046875,-0.4573747979632263,0.4573747979632263,UP,16160.0,pre_market
14624,Eloxx Pharmaceuticals Highlights Recent Alport Syndrome Natural History Data Presented at 60th ERA Congress,"Data from RaDaR natural history study indicates that Alport syndrome patients with autosomal recessive COL4A4 mutations have severest disease, with a more rapid progression to kidney failure",https://www.globenewswire.com/news-release/2023/06/21/2692112/0/en/Eloxx-Pharmaceuticals-Highlights-Recent-Alport-Syndrome-Natural-History-Data-Presented-at-60th-ERA-Congress.html,Eloxx Pharmaceuticals,ELOX,2023-06-21 09:00:00+00:00,globenewswire_biotech,en,4.960000038146973,5.03000020980835,437.17999267578125,436.1600036621094,0.07000017166137695,1.4112937726413528,-1.019989013671875,-0.23331100021960816,1.644604772860961,UP,138039.0,pre_market
14623,Eloxx Pharmaceuticals to Host Investor and Analyst Call on Alport Syndrome,Globally renowned Alport syndrome experts will provide key insights,https://www.globenewswire.com/news-release/2023/06/21/2692434/0/en/Eloxx-Pharmaceuticals-to-Host-Investor-and-Analyst-Call-on-Alport-Syndrome.html,Eloxx Pharmaceuticals,ELOX,2023-06-21 13:30:00+00:00,globenewswire_biotech,en,5.03000020980835,4.429999828338623,436.1600036621094,434.94000244140625,-0.6000003814697266,-11.928436509798622,-1.220001220703125,-0.2797141439975438,-11.64872236580108,DOWN,138039.0,regular_market
15373,OpGen’s Subsidiary Curetis Receives Batch of Ten New C-Series Unyvero A30 Instruments,"ROCKVILLE, Md., June  22, 2023  (GLOBE NEWSWIRE) -- OpGen, Inc. (Nasdaq: OPGN, “OpGen” or “the Company”), a precision medicine company harnessing the power of molecular diagnostics and bioinformatics to help combat infectious disease, reported that its German subsidiary, Curetis GmbH, has received the full set of ten Unyvero A30 C-Series instruments, which have been assembled by its development partner, DMTPe, in Germany. The instruments have successfully passed electrical and functional testing and will allow rapid sample-to-answer molecular testing with numerous chemistries and assay formats.",https://www.globenewswire.com/news-release/2023/06/22/2692799/35690/en/OpGen-s-Subsidiary-Curetis-Receives-Batch-of-Ten-New-C-Series-Unyvero-A30-Instruments.html,OpGen,OPGN,2023-06-22 07:30:00+00:00,globenewswire_biotech,en,6.300000190734863,6.199999809265137,434.94000244140625,433.95001220703125,-0.10000038146972656,-1.5873075943202795,-0.989990234375,-0.22761535586931173,-1.3596922384509678,DOWN,12480.0,pre_market
15372,OpGen Subsidiary Ares Genetics Successfully Maintains Key Patent under Opposition in Europe,"ROCKVILLE, Md., June  26, 2023  (GLOBE NEWSWIRE) -- OpGen, Inc. (Nasdaq: OPGN, “OpGen”), a precision medicine company harnessing the power of molecular diagnostics and informatics to help combat infectious disease, and OpGen subsidiary, Ares Genetics, which strives to become a leader in bacterial genomics and AI-powered prediction of antimicrobial resistance (AMR), announced today that one of its key patents under opposition has been successfully maintained.",https://www.globenewswire.com/news-release/2023/06/26/2694329/35690/en/OpGen-Subsidiary-Ares-Genetics-Successfully-Maintains-Key-Patent-under-Opposition-in-Europe.html,OpGen,OPGN,2023-06-26 07:30:00+00:00,globenewswire_biotech,en,6.300000190734863,6.300000190734863,433.2099914550781,432.6199951171875,0.0,0.0,-0.589996337890625,-0.13619176600911914,0.13619176600911914,UP,5430.0,pre_market
15738,MoonLake Immunotherapeutics Announces Pricing of $400 Million Upsized Public Offering of Class A Ordinary Shares,MoonLake Immunotherapeutics Announces Pricing of $400 Million Upsized Public Offering of Class A Ordinary Shares,https://www.globenewswire.com/news-release/2023/06/28/2695949/0/en/MoonLake-Immunotherapeutics-Announces-Pricing-of-400-Million-Upsized-Public-Offering-of-Class-A-Ordinary-Shares.html,MoonLake Immunotherapeutics,MLTX,2023-06-28 05:00:00+00:00,globenewswire_biotech,en,51.790000915527344,52.619998931884766,436.1700134277344,435.04998779296875,0.8299980163574219,1.6026221310773858,-1.120025634765625,-0.2567864824002151,1.859408613477601,UP,4228900.0,pre_market
14622,Eloxx Pharmaceuticals Key Opinion Leader Event Highlights Significant Unmet Need in Treatment of Alport Syndrome Patients with Nonsense Mutations and Additional Positive Results from Phase 2 Clinical Study Evaluating ELX-02,"Alport syndrome is a rare progressive hereditary glomerular kidney disease caused by variants in COL4A and patients have significant unmet medical needs, with no disease modifying treatments currently available",https://www.globenewswire.com/news-release/2023/06/28/2696256/0/en/Eloxx-Pharmaceuticals-Key-Opinion-Leader-Event-Highlights-Significant-Unmet-Need-in-Treatment-of-Alport-Syndrome-Patients-with-Nonsense-Mutations-and-Additional-Positive-Results-fr.html,Eloxx Pharmaceuticals,ELOX,2023-06-28 09:00:00+00:00,globenewswire_biotech,en,4.059999942779541,4.019999980926514,436.1700134277344,435.04998779296875,-0.039999961853027344,-0.9852207491816546,-1.120025634765625,-0.2567864824002151,-0.7284342667814394,DOWN,47789.0,pre_market
14949,Vir Biotechnology Appoints Sasha Damouni Ellis as Executive Vice President and Chief Corporate Affairs Officer,"SAN FRANCISCO, June  29, 2023  (GLOBE NEWSWIRE) -- Vir Biotechnology, Inc. (Nasdaq: VIR) today announced the appointment of Sasha Damouni Ellis as Executive Vice President and Chief Corporate Affairs Officer, effective July 10, 2023. Ms. Damouni Ellis will be responsible for the Company’s strategic approach to corporate communications, government affairs, investor relations and patient advocacy, as well as for establishing Vir’s corporate social responsibility and environmental, social and governance efforts. She will report to Vir’s Chief Executive Officer Marianne De Backer, M.Sc., Ph.D., MBA, and will join the Company’s Executive Management Team.",https://www.globenewswire.com/news-release/2023/06/29/2697070/0/en/Vir-Biotechnology-Appoints-Sasha-Damouni-Ellis-as-Executive-Vice-President-and-Chief-Corporate-Affairs-Officer.html,Vir Biotechnology,VIR,2023-06-29 09:00:00+00:00,globenewswire_biotech,en,24.8799991607666,24.790000915527344,436.3900146484375,435.9599914550781,-0.08999824523925781,-0.3617292937098507,-0.430023193359375,-0.09854102498330726,-0.26318826872654344,DOWN,1124400.0,pre_market
14621,Eloxx Pharmaceuticals Announces Publication Demonstrating the Power of its TURBO-ZM™ Platform to Target the Human Ribosome for Therapeutic Benefit,Publication titled “A Novel Class of Ribosome Modulating Agents Exploits Cancer Ribosome Heterogeneity to Selectively Target the CMS2 Subtype of Colorectal Cancer” published in Cancer Research Communications,https://www.globenewswire.com/news-release/2023/07/10/2701816/0/en/Eloxx-Pharmaceuticals-Announces-Publication-Demonstrating-the-Power-of-its-TURBO-ZM-Platform-to-Target-the-Human-Ribosome-for-Therapeutic-Benefit.html,Eloxx Pharmaceuticals,ELOX,2023-07-10 09:00:00+00:00,globenewswire_biotech,en,3.619999885559082,3.6600000858306885,438.54998779296875,438.17999267578125,0.040000200271606445,1.1049779429876614,-0.3699951171875,-0.0843678320570762,1.1893457750447376,UP,73875.0,pre_market
16658,Celularity Human Placental-Derived  Advanced Biomaterials Demonstrate Superior Biocompatibility and Better Support Differentiated Cell Functions in Studies,"Celularity will present benchtop and clinical case studies suggesting the therapeutic potential of its human placental-derived biomaterials at ICBST23, the International Conference on Biomaterials Science and Tissue Engineering Celularity will present benchtop and clinical case studies suggesting the therapeutic potential of its human placental-derived biomaterials at ICBST23, the International Conference on Biomaterials Science and Tissue Engineering",https://www.globenewswire.com/news-release/2023/07/18/2706479/0/en/Celularity-Human-Placental-Derived-Advanced-Biomaterials-Demonstrate-Superior-Biocompatibility-and-Better-Support-Differentiated-Cell-Functions-in-Studies.html,Celularity,CELU,2023-07-18 09:00:00+00:00,globenewswire_biotech,en,4.900000095367432,4.920000076293945,450.8399963378906,450.5,0.019999980926513672,0.40816286810733116,-0.339996337890625,-0.07541396962389474,0.4835768377312259,UP,46380.0,pre_market
15371,OpGen’s Subsidiary Curetis Meets Milestones of Extended and Expanded R&D Collaboration with FIND,"ROCKVILLE, Md., July  19, 2023  (GLOBE NEWSWIRE) -- OpGen, Inc. (Nasdaq: OPGN, “OpGen” or “the Company”), a precision medicine company harnessing the power of molecular diagnostics and bioinformatics to help combat infectious disease, reported today that its German subsidiary Curetis GmbH has met all milestones under its extended and expanded research and development (“R&D”) collaboration agreement with FIND. Following the delivery of a comprehensive milestone report at the end of the second quarter of 2023, FIND recently confirmed that all requirements have been met successfully.",https://www.globenewswire.com/news-release/2023/07/19/2707193/35690/en/OpGen-s-Subsidiary-Curetis-Meets-Milestones-of-Extended-and-Expanded-R-D-Collaboration-with-FIND.html,OpGen,OPGN,2023-07-19 07:30:00+00:00,globenewswire_biotech,en,6.5,6.510000228881836,454.19000244140625,455.010009765625,0.010000228881835938,0.15384967510516828,0.82000732421875,0.18054279482396507,-0.026693119718796787,UP,10510.0,pre_market
14948,Vir Biotechnology Announces Topline Data from Phase 2 PENINSULA Trial Evaluating VIR-2482 for the Prevention of Seasonal Influenza A Illness,"SAN FRANCISCO, July  20, 2023  (GLOBE NEWSWIRE) -- Vir Biotechnology, Inc. (Nasdaq: VIR) today announced that the Phase 2 PENINSULA (PrevEntioN of IllNesS DUe to InfLuenza A) trial evaluating VIR-2482 for the prevention of symptomatic influenza A illness did not meet primary or secondary efficacy endpoints. In participants who received the highest dose of VIR-2482 (1,200 mg), a non-statistically significant reduction of approximately 16% in influenza A protocol-defined illness was observed. Participants who received the highest dose showed an approximately 57% reduction in symptomatic influenza A illness, when defined according to CDC influenza-like-illness criteria, which was one of two secondary endpoints. VIR-2482 was generally well tolerated and no safety signals were identified.",https://www.globenewswire.com/news-release/2023/07/20/2708142/0/en/Vir-Biotechnology-Announces-Topline-Data-from-Phase-2-PENINSULA-Trial-Evaluating-VIR-2482-for-the-Prevention-of-Seasonal-Influenza-A-Illness.html,Vir Biotechnology,VIR,2023-07-20 08:00:00+00:00,globenewswire_biotech,en,23.049999237060547,13.699999809265137,455.20001220703125,454.1700134277344,-9.34999942779541,-40.563990183401714,-1.029998779296875,-0.22627389096563058,-40.337716292436085,DOWN,13533200.0,pre_market
15737,MoonLake completes patient randomization ahead of schedule for its Phase 2 trial in active psoriatic arthritis (PsA) and provides calendar of next readouts,MoonLake completes patient randomization ahead of schedule for its Phase 2 trial in active psoriatic arthritis (PsA) and provides calendar of next readouts,https://www.globenewswire.com/news-release/2023/07/25/2710350/0/en/MoonLake-completes-patient-randomization-ahead-of-schedule-for-its-Phase-2-trial-in-active-psoriatic-arthritis-PsA-and-provides-calendar-of-next-readouts.html,MoonLake Immunotherapeutics,MLTX,2023-07-25 08:00:00+00:00,globenewswire_biotech,en,53.97999954223633,53.9900016784668,454.20001220703125,453.9200134277344,0.01000213623046875,0.01852933737548967,-0.279998779296875,-0.061646581191470186,0.08017591856695985,UP,521300.0,pre_market
16657,Celularity and Verséa Ophthalmics Announce Exclusive U.S. Commercialization Agreement to Distribute Biovance® and Biovance® 3l Ocular For Ophthalmic Applications,"FLORHAM PARK, N.J. and TAMPA, Fla., July  27, 2023  (GLOBE NEWSWIRE) -- Celularity Inc. (Nasdaq: CELU) (“Celularity”), a biotechnology company developing placental-derived allogeneic cell therapies and biomaterial products, and Verséa Ophthalmics, LLC (“Verséa Ophthalmics”), a Tampa, FL-based company that focuses on providing complete ocular point-of-care diagnostic and therapeutic interventions, today announced that the companies have entered into an exclusive U.S. commercialization agreement in which Verséa Ophthalmics will distribute Celularity’s BIOVANCE® and BIOVANCE® 3L Ocular products to support the treatment of ocular surface disease and ocular surgical applications.",https://www.globenewswire.com/news-release/2023/07/27/2712254/0/en/Celularity-and-Vers%C3%A9a-Ophthalmics-Announce-Exclusive-U-S-Commercialization-Agreement-to-Distribute-Biovance-and-Biovance-3l-Ocular-For-Ophthalmic-Applications.html,Celularity,CELU,2023-07-27 09:00:00+00:00,globenewswire_biotech,en,3.5,3.450000047683716,455.510009765625,459.0199890136719,-0.04999995231628418,-1.428570066179548,3.509979248046875,0.7705602890818746,-2.1991303552614223,DOWN,237100.0,pre_market
16656,Celularity Inc. Announces $3 Million Registered Direct Offering,"FLORHAM PARK, N.J., July  27, 2023  (GLOBE NEWSWIRE) -- Celularity Inc. (Nasdaq: CELU) (“Celularity”), a biotechnology company developing placental-derived allogeneic cell therapies and biomaterial products, today announced that it has entered into a definitive agreement with a single, healthcare-focused institutional investor for the purchase and sale of 8,571,428 shares of its Class A common stock together with warrants to purchase up to 8,571,428 shares of its Class A common stock at a combined purchase price of $0.35 per share and accompanying warrant (together the “Securities”), pursuant to a registered direct offering resulting in total gross proceeds of approximately $3 million before deducting placement agent commissions and other estimated offering expenses. The warrants will have an exercise price of $0.35, will be exercisable beginning six months after the date of issuance and will expire five years following the initial exercise date. The closing of the offering and sale of the Securities is expected to occur on or about July 31, 2023, subject to the satisfaction of customary closing conditions.",https://www.globenewswire.com/news-release/2023/07/27/2712276/0/en/Celularity-Inc-Announces-3-Million-Registered-Direct-Offering.html,Celularity,CELU,2023-07-27 09:07:00+00:00,globenewswire_biotech,en,3.5,3.450000047683716,455.510009765625,459.0199890136719,-0.04999995231628418,-1.428570066179548,3.509979248046875,0.7705602890818746,-2.1991303552614223,DOWN,237100.0,pre_market
14589,AnaptysBio- and GSK-Partnered Immuno-Oncology Agent JEMPERLI (dostarlimab-gxly) plus Chemotherapy Approved in the U.S. for dMMR/MSI-H Primary Advanced or Recurrent Endometrial Cancer,"SAN DIEGO, July  31, 2023  (GLOBE NEWSWIRE) -- AnaptysBio, Inc. (Nasdaq: ANAB), a clinical-stage biotechnology company focused on delivering innovative immunology therapeutics, today announced that GSK has received U.S. Food and Drug Administration (FDA) approval for JEMPERLI (dostarlimab-gxly) plus carboplatin and paclitaxel (chemotherapy) for the treatment of adult patients with mismatch repair deficient (dMMR)/microsatellite instability-high (MSI-H) primary advanced or recurrent endometrial cancer. The supplemental Biologics License Application (sBLA) supporting this new indication received Priority Review and was approved ahead of the Sept. 23, 2023 Prescription Drug User Fee Act action date.",https://www.globenewswire.com/news-release/2023/07/31/2715235/0/en/AnaptysBio-and-GSK-Partnered-Immuno-Oncology-Agent-JEMPERLI-dostarlimab-gxly-plus-Chemotherapy-Approved-in-the-U-S-for-dMMR-MSI-H-Primary-Advanced-or-Recurrent-Endometrial-Cancer.html,AnaptysBio,ANAB,2023-07-31 13:34:00+00:00,globenewswire_biotech,en,17.209999084472656,19.709999084472656,457.4100036621094,457.7900085449219,2.5,14.526438890142476,0.3800048828125,0.08307751902453168,14.443361371117945,UP,491500.0,regular_market
15370,OpGen to Provide Business Update and Financial Results for the Second Quarter 2023 on August 10th at 4:30 p.m. Eastern Time,"ROCKVILLE, Md., Aug.  03, 2023  (GLOBE NEWSWIRE) -- OpGen, Inc. (NASDAQ: OPGN) (“OpGen” or “the Company”) announced today that the Company will provide a business update and report its second quarter 2023 financial results after the close of the U.S. financial markets on Thursday, August 10th 2023. OpGen’s management team will host a live conference call and audio webcast at 4:30 p.m. Eastern Time to discuss the Company’s financial results and provide an update on business activities.",https://www.globenewswire.com/news-release/2023/08/03/2717888/35690/en/OpGen-to-Provide-Business-Update-and-Financial-Results-for-the-Second-Quarter-2023-on-August-10th-at-4-30-p-m-Eastern-Time.html,OpGen,OPGN,2023-08-03 07:30:00+00:00,globenewswire_biotech,en,5.900000095367432,6.099999904632568,450.1300048828125,448.0400085449219,0.19999980926513672,3.389827220887213,-2.089996337890625,-0.46430949175110814,3.8541367126383212,UP,5970.0,pre_market
15369,OpGen’s Subsidiary Curetis and FIND Extend R&D Collaboration Agreement,"ROCKVILLE, Md., Aug.  03, 2023  (GLOBE NEWSWIRE) -- OpGen, Inc. (Nasdaq: OPGN, “OpGen” or “the Company”), a precision medicine company harnessing the power of molecular diagnostics and bioinformatics to help combat infectious disease, reported today that its German subsidiary Curetis GmbH has signed an extended and continued research and development (“R&D”) collaboration agreement with FIND. Following the successful completion of the feasibility phase of the collaboration and having met all milestones on time and within budgets, the parties now plan to collaborate on first phases of product development of an antimicrobial resistance (AMR) cartridge from blood culture that is tailored to the needs of low- and middle-income countries (LMICs) in terms of panel design and coverage of specific genetic variants of bacterial strains and their AMR markers in such countries, as well as ensuring attractive cost profile and pricing models that allow for access to such rapid testing in LMICs.",https://www.globenewswire.com/news-release/2023/08/03/2717968/35690/en/OpGen-s-Subsidiary-Curetis-and-FIND-Extend-R-D-Collaboration-Agreement.html,OpGen,OPGN,2023-08-03 08:00:00+00:00,globenewswire_biotech,en,5.900000095367432,6.099999904632568,450.1300048828125,448.0400085449219,0.19999980926513672,3.389827220887213,-2.089996337890625,-0.46430949175110814,3.8541367126383212,UP,5970.0,pre_market
15219,CVS Health to Begin Nationwide In-Store Sales of Biomerica’s EZ Detect™ Colorectal Disease Screening Test,"IRVINE, Calif., Aug.  03, 2023  (GLOBE NEWSWIRE) -- Biomerica, Inc. (Nasdaq: BMRA) (the “Company”) today announced that CVS Pharmacy has begun in-store sales rollout of the Company’s EZ Detect™ colorectal disease screening test in over 7,000 stores nationwide throughout the CVS Pharmacy retail system. Biomerica has shipped the EZ Detect product to CVS Health distribution centers in the US, and the product is projected to be on store shelves in September. The Company is also working with CVS Health to introduce an additional Biomerica product to be sold in CVS pharmacies.  ",https://www.globenewswire.com/news-release/2023/08/03/2718011/0/en/CVS-Health-to-Begin-Nationwide-In-Store-Sales-of-Biomerica-s-EZ-Detect-Colorectal-Disease-Screening-Test.html,Biomerica,BMRA,2023-08-03 08:19:00+00:00,globenewswire_biotech,en,11.680000305175781,13.680000305175781,450.1300048828125,448.0400085449219,2.0,17.12328722383454,-2.089996337890625,-0.46430949175110814,17.58759671558565,UP,1396525.0,pre_market
14620,Eloxx Pharmaceuticals Granted Extension by Nasdaq to Regain Compliance with the Market Value of Listed Securities Continued Listing Requirement,"WATERTOWN, Mass., Aug.  03, 2023  (GLOBE NEWSWIRE) -- Eloxx Pharmaceuticals, Inc. (NASDAQ: ELOX), a leader in ribosomal RNA-targeted genetic therapies for rare diseases, today announced that it received notice from the Nasdaq Listing Qualifications Panel (the “Hearings Panel”) of The Nasdaq Stock Market LLC (“Nasdaq”) that it has determined to extend the exception granted on June 2, 2023 to Eloxx Pharmaceuticals, Inc. (the “Company”) to regain compliance with Listing Rule 5550(b)(2), which requires a listed company to have at least $35 million in market value of listed securities in order to qualify for continued listing on the Nasdaq Capital Market, until October 9, 2023, following a request for an extension and update submitted by the Company on July 27, 2023.",https://www.globenewswire.com/news-release/2023/08/03/2718175/0/en/Eloxx-Pharmaceuticals-Granted-Extension-by-Nasdaq-to-Regain-Compliance-with-the-Market-Value-of-Listed-Securities-Continued-Listing-Requirement.html,Eloxx Pharmaceuticals,ELOX,2023-08-03 09:26:00+00:00,globenewswire_biotech,en,7.090000152587891,7.21999979019165,450.1300048828125,448.0400085449219,0.12999963760375977,1.833563255373262,-2.089996337890625,-0.46430949175110814,2.2978727471243703,UP,81797.0,pre_market
15368,OpGen’s Subsidiary Ares Genetics Releases New Features to its AREScloud Offering,"ROCKVILLE, Md., Aug.  07, 2023  (GLOBE NEWSWIRE) -- OpGen, Inc. (Nasdaq: OPGN, “OpGen”), a precision medicine company harnessing the power of molecular diagnostics and informatics to help combat infectious disease, and OpGen subsidiary, Ares Genetics, which strives to become a leader in bacterial genomics and AI-powered prediction of antimicrobial resistance (AMR), announced today a major feature upgrade for the AREScloud platform that has been implemented with our healthcare clients to enhance genomic surveillance.",https://www.globenewswire.com/news-release/2023/08/07/2719601/35690/en/OpGen-s-Subsidiary-Ares-Genetics-Releases-New-Features-to-its-AREScloud-Offering.html,OpGen,OPGN,2023-08-07 07:30:00+00:00,globenewswire_biotech,en,5.869999885559082,6.0,446.80999755859375,448.7099914550781,0.13000011444091797,2.2146527593762677,1.899993896484375,0.42523531408565085,1.7894174452906169,UP,16170.0,pre_market
14996,"ImmuCell to Announce Unaudited Financial Results for the Quarter Ended June 30, 2023","Conference Call Scheduled for Friday, August 11, 2023 at 9:00 AM ET Conference Call Scheduled for Friday, August 11, 2023 at 9:00 AM ET",https://www.globenewswire.com/news-release/2023/08/07/2719984/0/en/ImmuCell-to-Announce-Unaudited-Financial-Results-for-the-Quarter-Ended-June-30-2023.html,ImmuCell Corporation,ICCC,2023-08-07 12:00:00+00:00,globenewswire_biotech,en,5.110000133514404,5.019999980926514,448.7099914550781,450.7099914550781,-0.09000015258789062,-1.7612553862301563,2.0,0.4457221898523797,-2.206977576082536,DOWN,7500.0,regular_market
15577,PepGen Reports Second Quarter 2023 Financial Results and Recent Corporate Developments,– Phase 2 open-label CONNECT1-EDO51 study open in Canada –,https://www.globenewswire.com/news-release/2023/08/08/2720622/0/en/PepGen-Reports-Second-Quarter-2023-Financial-Results-and-Recent-Corporate-Developments.html,PepGen,PEPG,2023-08-08 08:15:00+00:00,globenewswire_biotech,en,5.0,4.989999771118164,450.7099914550781,448.0799865722656,-0.010000228881835938,-0.20000457763671872,-2.6300048828125,-0.5835248680247264,0.3835202903880076,DOWN,78600.0,pre_market
15736,MoonLake Immunotherapeutics Reports Second Quarter 2023 Financial Results and Provides a Business Update,"ZUG, Switzerland, August 10, 2023 – MoonLake Immunotherapeutics (NASDAQ:MLTX) (“MoonLake” or the “Company”), a clinical-stage biotechnology company focused on creating next-level therapies for inflammatory diseases, today announced its financial results for the second quarter of 2023.",https://www.globenewswire.com/news-release/2023/08/10/2722470/0/en/MoonLake-Immunotherapeutics-Reports-Second-Quarter-2023-Financial-Results-and-Provides-a-Business-Update.html,MoonLake Immunotherapeutics,MLTX,2023-08-10 07:00:00+00:00,globenewswire_biotech,en,54.22999954223633,54.22999954223633,445.75,448.19000244140625,0.0,0.0,2.44000244140625,0.5473925836020752,-0.5473925836020752,UP,233500.0,pre_market
16679,RAPT Therapeutics Reports Second Quarter 2023 Financial Results,Company maintains strong cash position of $205 million Company maintains strong cash position of $205 million,https://www.globenewswire.com/news-release/2023/08/11/2723503/0/en/RAPT-Therapeutics-Reports-Second-Quarter-2023-Financial-Results.html,RAPT Therapeutics,RAPT,2023-08-11 08:00:00+00:00,globenewswire_biotech,en,197.27999877929688,189.75999450683594,445.9100036621094,443.9700012207031,-7.5200042724609375,-3.8118432273885983,-1.94000244140625,-0.4350659158739791,-3.376777311514619,DOWN,33388.0,pre_market
14619,Eloxx Pharmaceuticals Reports Drug Response in All Patients Treated with ELX-02 in Phase 2 Clinical Study for Alport Syndrome,All three patients (100% response rate) treated with ELX-02 showed an improvement in podocyte foot process effacement post-treatment in kidney biopsies assessed by electron microscopy demonstrating the disease modifying effect of ELX-02,https://www.globenewswire.com/news-release/2023/08/14/2724338/0/en/Eloxx-Pharmaceuticals-Reports-Drug-Response-in-All-Patients-Treated-with-ELX-02-in-Phase-2-Clinical-Study-for-Alport-Syndrome.html,Eloxx Pharmaceuticals,ELOX,2023-08-14 08:00:00+00:00,globenewswire_biotech,en,4.75,4.989999771118164,445.6499938964844,444.70001220703125,0.23999977111816406,5.0526267603824015,-0.949981689453125,-0.21316766576098883,5.26579442614339,UP,744576.0,pre_market
14618,Eloxx Pharmaceuticals Reports Second Quarter 2023 Financial and Operating Results and Provides Business Update,"Announced today that all 3 patients (100% response rate) treated with ELX-02 showed an improvement in podocyte foot process effacement post-treatment in kidney biopsies assessed by electron microscopy, demonstrating the disease-modifying effect of ELX-02",https://www.globenewswire.com/news-release/2023/08/14/2724500/0/en/Eloxx-Pharmaceuticals-Reports-Second-Quarter-2023-Financial-and-Operating-Results-and-Provides-Business-Update.html,Eloxx Pharmaceuticals,ELOX,2023-08-14 08:30:00+00:00,globenewswire_biotech,en,4.75,4.989999771118164,445.6499938964844,444.70001220703125,0.23999977111816406,5.0526267603824015,-0.949981689453125,-0.21316766576098883,5.26579442614339,UP,744576.0,pre_market
14652,Radiopharm Theranostics Expands Supply Agreement With TerThera for Terbium-161 Isotope Use in Prostate Cancer,"Agreement will supply Tb-161 for RAD 402, a potential next generation radiopharmaceutical for treatment of advanced prostate cancer Agreement will supply Tb-161 for RAD 402, a potential next generation radiopharmaceutical for treatment of advanced prostate cancer",https://www.globenewswire.com/news-release/2023/08/24/2731100/0/en/Radiopharm-Theranostics-Expands-Supply-Agreement-With-TerThera-for-Terbium-161-Isotope-Use-in-Prostate-Cancer.html,Radiopharm Theranostics,RAD.AX,2023-08-24 08:00:00+00:00,globenewswire_biotech,en,0.08311200141906738,0.08783499896526337,443.0299987792969,444.69000244140625,0.004722997546195984,5.682690183793894,1.660003662109375,0.37469328638766397,5.30799689740623,UP,83342.0,pre_market
15314,PCI Biotech: Invitation to first half interim 2023 results presentation,"Oslo, Norway, 25 August 2023 - PCI Biotech (OSE: PCIB) invites to a webcast presentation of the company's first half 2023 interim report on Thursday 31 August 2023, 08:30am – 09:30am CEST (local time).",https://www.globenewswire.com/news-release/2023/08/25/2731830/0/en/PCI-Biotech-Invitation-to-first-half-interim-2023-results-presentation.html,PCI Biotech Holding,PCIB.OL,2023-08-25 08:30:00+00:00,globenewswire_biotech,en,1.6699999570846558,1.690000057220459,436.8900146484375,438.67999267578125,0.020000100135803223,1.1976108173510196,1.78997802734375,0.40970907261044487,0.7879017447405747,UP,17342.0,pre_market
15217,Diagnostics Industry Leader Jack Kenny Joins Biomerica’s Board of Directors,"NEWPORT BEACH, Calif., Aug.  28, 2023  (GLOBE NEWSWIRE) -- Biomerica Inc. (NASDAQ: BMRA), a global biomedical company leading the way in innovative gastroenterology solutions, today announced the appointment of Jack Kenny, former CEO and board member of Meridian Bioscience, Inc., to its Board of Directors. Meridian Biosciences (formerly traded on Nasdaq under VIVO) is a leading global provider of diagnostic testing solutions. Meridian Biosciences was acquired on January 31, 2023 by SD Biosensor, Inc. and SJL Partners LLC in an all-cash transaction valued at approximately $1.53 billion.",https://www.globenewswire.com/news-release/2023/08/28/2732577/0/en/Diagnostics-Industry-Leader-Jack-Kenny-Joins-Biomerica-s-Board-of-Directors.html,Biomerica,BMRA,2023-08-28 08:19:00+00:00,globenewswire_biotech,en,9.199999809265137,9.199999809265137,439.9700012207031,442.239990234375,0.0,0.0,2.269989013671875,0.515941770432929,-0.515941770432929,UP,5200.0,pre_market
15879,"Faron Reports Half-Year Financial Results, January 1 – June 30, 2023",Summary Highlights (including post-period events)  ,https://www.globenewswire.com/news-release/2023/08/29/2733033/0/en/Faron-Reports-Half-Year-Financial-Results-January-1-June-30-2023.html,Faron Pharmaceuticals,FARON.HE,2023-08-29 00:01:00+00:00,globenewswire_biotech,en,3.740000009536743,3.7200000286102295,442.760009765625,442.6499938964844,-0.019999980926513672,-0.5347588469389063,-0.110015869140625,-0.024847742956474746,-0.5099111039824316,DOWN,50243.0,pre_market
14994,ImmuCell Announces Submission of CMC Technical Section to the FDA,"PORTLAND, Maine, Aug.  29, 2023  (GLOBE NEWSWIRE) -- ImmuCell Corporation (Nasdaq: ICCC) (“ImmuCell” or the “Company”), a growing animal health company that develops, manufactures and markets scientifically proven and practical products that improve the health and productivity of dairy and beef cattle, announced today that it recently submitted the Chemistry, Manufacturing and Controls (CMC) Technical Section for Re-Tain® to the FDA.",https://www.globenewswire.com/news-release/2023/08/29/2733350/0/en/ImmuCell-Announces-Submission-of-CMC-Technical-Section-to-the-FDA.html,ImmuCell Corporation,ICCC,2023-08-29 08:00:00+00:00,globenewswire_biotech,en,4.53000020980835,4.550000190734863,442.760009765625,442.6499938964844,0.019999980926513672,0.4415006622562565,-0.110015869140625,-0.024847742956474746,0.46634840521273124,UP,37600.0,pre_market
16655,Celularity Announces Multi-Year Research Collaboration Services Agreement With Regeneron,"FLORHAM PARK, N.J., Aug.  29, 2023  (GLOBE NEWSWIRE) --  Celularity Inc. (Nasdaq: CELU) (Celularity), a biotechnology company developing allogeneic cell therapies and biomaterial products, announced today a multi-year Research Collaboration Services Agreement with Regeneron Pharmaceuticals, Inc. (Regeneron) to support the research of Regeneron’s allogeneic cell therapy candidates.",https://www.globenewswire.com/news-release/2023/08/29/2733451/0/en/Celularity-Announces-Multi-Year-Research-Collaboration-Services-Agreement-With-Regeneron.html,Celularity,CELU,2023-08-29 09:00:00+00:00,globenewswire_biotech,en,2.859999895095825,3.259999990463257,442.760009765625,442.6499938964844,0.40000009536743164,13.986017833543645,-0.110015869140625,-0.024847742956474746,14.01086557650012,UP,403570.0,pre_market
15313,PCI Biotech first half 2023 interim results,"Oslo (Norway), 31 August 2023 – PCI Biotech (OSE: PCIB), today announces its interim first half 2023 results. Please find enclosed the report and presentation.Highlights review",https://www.globenewswire.com/news-release/2023/08/31/2734882/0/en/PCI-Biotech-first-half-2023-interim-results.html,PCI Biotech Holding,PCIB.OL,2023-08-31 01:00:00+00:00,globenewswire_biotech,en,1.9299999475479126,1.75,451.010009765625,451.6499938964844,-0.1799999475479126,-9.326422406208074,0.639984130859375,0.14190020553910845,-9.468322611747183,DOWN,488538.0,pre_market
15455,Adagene Reports Six Month Financial Results for 2023 and Provides Corporate Update,"- Best-in-class anti-CTLA-4 candidates designed for more than 30-fold increase in therapeutic index, addressing patient populations where CTLA-4-mediated Treg depletion is essential for efficacy –",https://www.globenewswire.com/news-release/2023/08/31/2735151/0/en/Adagene-Reports-Six-Month-Financial-Results-for-2023-and-Provides-Corporate-Update.html,Adagene,ADAG,2023-08-31 07:32:00+00:00,globenewswire_biotech,en,1.1799999475479126,1.190000057220459,451.010009765625,451.6499938964844,0.010000109672546387,0.8474669590729236,0.639984130859375,0.14190020553910845,0.7055667535338151,UP,45500.0,pre_market
15312,PCI Biotech: Write-down of share capital registered,"Oslo, Norway, 1 September 2023 – PCI Biotech Holding ASA (OSE: PCIB) Reference is made to the resolution made by the Annual General Meeting 25 May 2023, in respect of a write-down of share capital by reducing the par value of PCI Biotech Holding ASA’s shares from NOK 3.00 to NOK 0.03.",https://www.globenewswire.com/news-release/2023/09/01/2735848/0/en/PCI-Biotech-Write-down-of-share-capital-registered.html,PCI Biotech Holding,PCIB.OL,2023-09-01 05:04:00+00:00,globenewswire_biotech,en,1.690000057220459,1.690000057220459,450.3500061035156,453.1700134277344,0.0,0.0,2.82000732421875,0.6261812559119972,-0.6261812559119972,UP,153333.0,pre_market
15576,"PepGen Announces Presentations at the 2023 Myotonic Dystrophy Foundation Annual Conference, Ottawa Neuromuscular Disease Meeting, and H.C. Wainwright 25th Annual Global Investment Conference","BOSTON, Sept.  01, 2023  (GLOBE NEWSWIRE) -- PepGen Inc. (Nasdaq: PEPG), a clinical-stage biotechnology company advancing the next generation of oligonucleotide therapies with the goal of transforming the treatment of severe neuromuscular and neurological diseases, today announced that it will be presenting at upcoming medical meetings and an investor conference. Ashling Holland, Director of Preclinical Development at PepGen, will be giving a talk titled “PGN-EDODM1 nonclinical data demonstrated mechanistic and meaningful activity for the potential treatment of myotonic dystrophy type 1 (DM1)”, at the 2023 Myotonic Dystrophy Foundation Annual Conference, on September 9, 2023, in Washington, D.C.",https://www.globenewswire.com/news-release/2023/09/01/2735983/0/en/PepGen-Announces-Presentations-at-the-2023-Myotonic-Dystrophy-Foundation-Annual-Conference-Ottawa-Neuromuscular-Disease-Meeting-and-H-C-Wainwright-25th-Annual-Global-Investment-Con.html,PepGen,PEPG,2023-09-01 08:00:00+00:00,globenewswire_biotech,en,6.300000190734863,6.440000057220459,450.3500061035156,453.1700134277344,0.1399998664855957,2.2222200356674184,2.82000732421875,0.6261812559119972,1.5960387797554212,UP,9600.0,pre_market
15878,Faron Pharmaceuticals Ltd. to Present at the H.C. Wainwright 25th Annual Global Investment Conference,"TURKU, Finland and BOSTON, Sept.  06, 2023  (GLOBE NEWSWIRE) -- Faron Pharmaceuticals Ltd. (AIM: FARN, First North: FARON), a clinical-stage biopharmaceutical company focused on tackling cancers via novel immunotherapies, today announces that Dr Markku Jalkanen, PhD, CEO will present at the H.C. Wainwright Annual Global Investment Conference in New York City on September 12, 2023. In addition to the presentation, company management will be available for one-on-one meetings with investors.",https://www.globenewswire.com/news-release/2023/09/06/2738005/0/en/Faron-Pharmaceuticals-Ltd-to-Present-at-the-H-C-Wainwright-25th-Annual-Global-Investment-Conference.html,Faron Pharmaceuticals,FARON.HE,2023-09-06 02:00:00+00:00,globenewswire_biotech,en,3.950000047683716,3.950000047683716,449.239990234375,448.3999938964844,0.0,0.0,-0.839996337890625,-0.18698164815033202,0.18698164815033202,UP,28746.0,pre_market
15735,"MoonLake Immunotherapeutics to host a Capital Markets Day on Monday, September 11","MoonLake Immunotherapeutics to host a Capital Markets Day on Monday, September 11",https://www.globenewswire.com/news-release/2023/09/06/2738194/0/en/MoonLake-Immunotherapeutics-to-host-a-Capital-Markets-Day-on-Monday-September-11.html,MoonLake Immunotherapeutics,MLTX,2023-09-06 07:00:00+00:00,globenewswire_biotech,en,50.5,50.61000061035156,449.239990234375,448.3999938964844,0.1100006103515625,0.21782299079517328,-0.839996337890625,-0.18698164815033202,0.40480463894550534,UP,445100.0,pre_market
15575,PepGen Inc. Presents PGN-EDODM1 Preclinical Data Supporting the Company’s Enhanced Delivery Oligonucleotide Platform and PGN-EDODM1 Program at Two Medical Conferences,- EDO platform observed to drive 25-fold higher level of oligonucleotide delivery to myotube nuclei compared to “naked” oligonucleotide -,https://www.globenewswire.com/news-release/2023/09/06/2738306/0/en/PepGen-Inc-Presents-PGN-EDODM1-Preclinical-Data-Supporting-the-Company-s-Enhanced-Delivery-Oligonucleotide-Platform-and-PGN-EDODM1-Program-at-Two-Medical-Conferences.html,PepGen,PEPG,2023-09-06 08:00:00+00:00,globenewswire_biotech,en,5.840000152587891,5.889999866485596,449.239990234375,448.3999938964844,0.04999971389770508,0.8561594621799556,-0.839996337890625,-0.18698164815033202,1.0431411103302877,UP,24800.0,pre_market
15454,Adagene to Present at Investor and Scientific Conferences in September,"– Adagene’s CEO, Dr. Peter Luo, participating in SITC webinar on September 22 focused on essential role of Treg depletion for anti-CTLA-4 therapies –",https://www.globenewswire.com/news-release/2023/09/07/2739093/0/en/Adagene-to-Present-at-Investor-and-Scientific-Conferences-in-September.html,Adagene,ADAG,2023-09-07 06:00:00+00:00,globenewswire_biotech,en,1.3550000190734863,1.2999999523162842,446.2200012207031,443.1099853515625,-0.05500006675720215,-4.059045460000049,-3.110015869140625,-0.696969176781117,-3.362076283218932,DOWN,11000.0,pre_market
15310,PCI Biotech: European patent for mRNA delivery with fimaNAc,"Oslo (Norway), 7 September 2023 – PCI Biotech (OSE: PCIB), a biopharmaceutical company, today announces that the European Patent Office (EPO) has informed PCI Biotech that they intend to grant a new patent covering delivery of mRNA by use of PCI Biotech’s fimaNAc technology. This application is primarily foreseen to be used for dermatology.",https://www.globenewswire.com/news-release/2023/09/07/2739127/0/en/PCI-Biotech-European-patent-for-mRNA-delivery-with-fimaNAc.html,PCI Biotech Holding,PCIB.OL,2023-09-07 06:36:00+00:00,globenewswire_biotech,en,1.4600000381469727,1.4500000476837158,446.2200012207031,443.1099853515625,-0.009999990463256836,-0.6849308357518121,-3.110015869140625,-0.696969176781117,0.0120383410293049,DOWN,3495859.0,pre_market
14617,Eloxx Pharmaceuticals Provides Program Updates on ELX-02 and ZKN-013,Investigational New Drug (IND) application submitted to U.S. Food and Drug Administration (FDA) for ELX-02 for the treatment of Alport syndrome with nonsense mutations,https://www.globenewswire.com/news-release/2023/09/07/2739454/0/en/Eloxx-Pharmaceuticals-Provides-Program-Updates-on-ELX-02-and-ZKN-013.html,Eloxx Pharmaceuticals,ELOX,2023-09-07 09:00:00+00:00,globenewswire_biotech,en,5.260000228881836,5.639999866485596,446.2200012207031,443.1099853515625,0.37999963760375977,7.22432739674119,-3.110015869140625,-0.696969176781117,7.921296573522307,UP,30883.0,pre_market
14587,AnaptysBio to Present at the Stifel 2023 Immunology and Inflammation Virtual Summit,"SAN DIEGO, Sept.  12, 2023  (GLOBE NEWSWIRE) -- AnaptysBio, Inc. (Nasdaq: ANAB), a clinical-stage biotechnology company focused on delivering innovative immunology therapeutics, today announced that Daniel Faga, president and chief executive officer, and Dr. Paul Lizzul, chief medical officer, will present at the Stifel 2023 Immunology and Inflammation Virtual Summit later this month.",https://www.globenewswire.com/news-release/2023/09/12/2741776/0/en/AnaptysBio-to-Present-at-the-Stifel-2023-Immunology-and-Inflammation-Virtual-Summit.html,AnaptysBio,ANAB,2023-09-12 09:15:00+00:00,globenewswire_biotech,en,19.690000534057617,19.670000076293945,448.45001220703125,446.95001220703125,-0.020000457763671875,-0.10157672534887577,-1.5,-0.33448544077807063,0.23290871542919486,DOWN,164300.0,pre_market
14616,Eloxx Pharmaceuticals Reports Independent Confirmation of Positive Biopsy Results in All Patients Treated with ELX-02 in Phase 2 Clinical Study for Alport Syndrome,Highly regarded renal pathologist and transmission electron microscopy (TEM) expert independently confirms previously reported qualitative assessment by Mayo Clinic of TEM biopsy scans,https://www.globenewswire.com/news-release/2023/09/18/2744637/0/en/Eloxx-Pharmaceuticals-Reports-Independent-Confirmation-of-Positive-Biopsy-Results-in-All-Patients-Treated-with-ELX-02-in-Phase-2-Clinical-Study-for-Alport-Syndrome.html,Eloxx Pharmaceuticals,ELOX,2023-09-18 07:00:00+00:00,globenewswire_biotech,en,5.880000114440918,5.989999771118164,443.3699951171875,443.04998779296875,0.1099996566772461,1.870742424087607,-0.32000732421875,-0.07217613454743789,1.9429185586350448,UP,56342.0,pre_market
14615,Eloxx Pharmaceuticals Announces $2 Million Registered Direct Offering Priced At-the-Market Under Nasdaq Rules,"WATERTOWN, Mass., Sept.  19, 2023  (GLOBE NEWSWIRE) -- Eloxx Pharmaceuticals, Inc. (NASDAQ: ELOX), a leader in ribosomal RNA-targeted genetic therapies for rare diseases, today announced that it has entered into a definitive agreement for the issuance and sale of an aggregate of 380,590 of its shares of common stock (or common stock equivalents in lieu thereof) at a purchase price of $5.255 per share (or common stock equivalent in lieu thereof) in a registered direct offering priced at-the-market under Nasdaq rules. In a concurrent private placement, Eloxx has also agreed to issue and sell unregistered warrants to purchase up to an aggregate of 380,590 of its shares of common stock. The warrants will have an exercise price $5.13 per share, will become exercisable immediately upon issuance and have a term of five and one-half years from the date of issuance. The offering is expected to close on or about September 20, 2023, subject to the satisfaction of customary closing conditions.",https://www.globenewswire.com/news-release/2023/09/19/2745534/0/en/Eloxx-Pharmaceuticals-Announces-2-Million-Registered-Direct-Offering-Priced-At-the-Market-Under-Nasdaq-Rules.html,Eloxx Pharmaceuticals,ELOX,2023-09-19 08:00:00+00:00,globenewswire_biotech,en,5.460000038146973,5.449999809265137,443.6300048828125,442.67999267578125,-0.010000228881835938,-0.18315437384556937,-0.95001220703125,-0.21414516524467306,0.030990791399103684,DOWN,20836.0,pre_market
14944,"Vir Biotechnology Announces First Participant Dosed in New Phase 1 Trial Evaluating VIR-1388, an Investigational T Cell Vaccine for the Prevention of HIV","– Based on a novel human cytomegalovirus vector platform, VIR-1388 was designed with the goal of creating a novel HIV vaccine –",https://www.globenewswire.com/news-release/2023/09/20/2746429/0/en/Vir-Biotechnology-Announces-First-Participant-Dosed-in-New-Phase-1-Trial-Evaluating-VIR-1388-an-Investigational-T-Cell-Vaccine-for-the-Prevention-of-HIV.html,Vir Biotechnology,VIR,2023-09-20 08:00:00+00:00,globenewswire_biotech,en,9.850000381469727,9.819999694824219,442.7099914550781,444.010009765625,-0.030000686645507812,-0.30457548714359933,1.300018310546875,0.2936500950145798,-0.5982255821581791,DOWN,1285000.0,pre_market
15610,Mydecine Innovations Announces Amended Press Release Relating to the Closing of Prospectus Supplement Financing,"VANCOUVER, British Columbia, Sept.  20, 2023  (GLOBE NEWSWIRE) -- Mydecine Innovations Group Inc. (“Mydecine” or the “Company”) (NEO:MYCO) (OTC:MYCOF) (FSE:0NFA), a biotechnology company engineering the next wave of innovative medications and treatment protocols to directly address mental health with a particular emphasis on addiction and PTSD, is pleased to announce that further to the Company’s news release dated September 15, 2023 and September 19, 2023, the Company has closed its previously announced offering by way of prospectus supplement (the “Offering”). Pursuant to the Offering, the Company issued 18,750,000 common shares of the Company (each a “Share”) at a price of $0.20 per Share for aggregate gross proceeds of $3,750,000. A previous news release incorrectly stated that the Company issued 18,7500,000 Shares for aggregate gross proceeds of $3,7500,000.",https://www.globenewswire.com/news-release/2023/09/20/2746742/0/en/Mydecine-Innovations-Announces-Amended-Press-Release-Relating-to-the-Closing-of-Prospectus-Supplement-Financing.html,Mydecine Innovations Group,MYCO.CN,2023-09-20 12:12:00+00:00,globenewswire_biotech,en,0.17000000178813934,0.1599999964237213,444.010009765625,438.6400146484375,-0.01000000536441803,-5.882356034843122,-5.3699951171875,-1.2094310936868529,-4.672924941156269,DOWN,606107.0,regular_market
15877,"Faron Appoints Dr. Birge Berns, MD as Interim Chief Medical Officer","• Dr. Marie-Louise Fjällskog, outgoing CMO, is proposed to continue key role in bexmarilimab’s development as a Board member",https://www.globenewswire.com/news-release/2023/09/21/2746967/0/en/Faron-Appoints-Dr-Birge-Berns-MD-as-Interim-Chief-Medical-Officer.html,Faron Pharmaceuticals,FARON.HE,2023-09-21 02:00:00+00:00,globenewswire_biotech,en,3.9000000953674316,3.944999933242798,438.6400146484375,435.70001220703125,0.04499983787536621,1.1538419685891477,-2.94000244140625,-0.6702540450539178,1.8240960136430655,UP,40338.0,pre_market
16703,Checkpoint Therapeutics to Participate in the Cantor Global Healthcare Conference,"WALTHAM, Mass., Sept.  21, 2023  (GLOBE NEWSWIRE) -- Checkpoint Therapeutics, Inc. (“Checkpoint”) (Nasdaq: CKPT), a clinical-stage immunotherapy and targeted oncology company, today announced that James Oliviero, President and Chief Executive Officer, will participate in a panel presentation at the Cantor Global Healthcare Conference on Thursday, September 28, 2023, at 10:20 a.m. ET in New York City. The Company will also attend in-person one-on-one meetings during the conference.",https://www.globenewswire.com/news-release/2023/09/21/2747284/36989/en/Checkpoint-Therapeutics-to-Participate-in-the-Cantor-Global-Healthcare-Conference.html,Checkpoint Therapeutics,CKPT,2023-09-21 08:30:00+00:00,globenewswire_biotech,en,1.6799999475479126,1.659999966621399,438.6400146484375,435.70001220703125,-0.019999980926513672,-1.1904750923180183,-2.94000244140625,-0.6702540450539178,-0.5202210472641005,DOWN,141913.0,pre_market
15876,Faron Pharmaceuticals Ltd Results of the Extraordinary General Meeting,"TURKU, Finland and BOSTON, Sept.  22, 2023  (GLOBE NEWSWIRE) -- Faron Pharmaceuticals Ltd (AIM: FARN, First North: FARON), a clinical-stage biopharmaceutical company focused on tackling cancers via novel immunotherapies, announces that the extraordinary general meeting (the ""EGM"") of the Company took place today, September 22, 2023 in Turku, Finland. The EGM approved all proposals of the Board of Directors (""Board"") as set out in the notice of the EGM published on September 1, 2023.",https://www.globenewswire.com/news-release/2023/09/22/2747864/0/en/Faron-Pharmaceuticals-Ltd-Results-of-the-Extraordinary-General-Meeting.html,Faron Pharmaceuticals,FARON.HE,2023-09-22 06:33:00+00:00,globenewswire_biotech,en,3.825000047683716,3.859999895095825,431.3900146484375,432.45001220703125,0.034999847412109375,0.915028679105613,1.05999755859375,0.2457167580611707,0.6693119210444424,UP,17182.0,pre_market
15875,Faron Pharmaceuticals Announces Board Changes,"TURKU, Finland and BOSTON, Sept.  22, 2023  (GLOBE NEWSWIRE) -- Faron Pharmaceuticals Ltd. (AIM: FARN, First North: FARON), a clinical-stage biopharmaceutical company focused on tackling cancers via novel immunotherapies, is pleased to announce the appointment of Ms. Christine Roth and Dr. Marie-Louise Fjällskog as Non-Executive Directors of the Company with immediate effect following the passing of all resolutions put to shareholders of the Company at the Extraordinary General Meeting held earlier today. ",https://www.globenewswire.com/news-release/2023/09/22/2748072/0/en/Faron-Pharmaceuticals-Announces-Board-Changes.html,Faron Pharmaceuticals,FARON.HE,2023-09-22 11:00:00+00:00,globenewswire_biotech,en,3.859999895095825,3.815000057220459,432.45001220703125,430.4200134277344,-0.04499983787536621,-1.16579894037145,-2.029998779296875,-0.4694181343496026,-0.6963808060218473,DOWN,17182.0,regular_market
15216,Dubai Government Grants Insurance Reimbursement for Biomerica’s EZ Detect™ Colorectal Disease Screening Test,"Simple 2 minute at-home test detects an early warning sign of colorectal cancer, the third most common cancer worldwide Simple 2 minute at-home test detects an early warning sign of colorectal cancer, the third most common cancer worldwide",https://www.globenewswire.com/news-release/2023/09/26/2749488/0/en/Dubai-Government-Grants-Insurance-Reimbursement-for-Biomerica-s-EZ-Detect-Colorectal-Disease-Screening-Test.html,Biomerica,BMRA,2023-09-26 08:19:00+00:00,globenewswire_biotech,en,8.239999771118164,8.640000343322754,432.2300109863281,429.0899963378906,0.40000057220458984,4.854376011108917,-3.1400146484375,-0.7264684470363678,5.580844458145284,UP,15400.0,pre_market
15759,Renovaro Biosciences and AI Health Company GEDi Cube Sign Definitive Agreement to Combine,"The combined company aims to accelerate precision, personalized medicine for longevity powered by mutually reinforcing AI and biotechnology platforms for early diagnosis, better targeted treatments, and drug discovery",https://www.globenewswire.com/news-release/2023/09/29/2752032/0/en/Renovaro-Biosciences-and-AI-Health-Company-GEDi-Cube-Sign-Definitive-Agreement-to-Combine.html,Renovacor,RENB,2023-09-29 09:15:00+00:00,globenewswire_biotech,en,4.070000171661377,3.880000114440918,428.5199890136719,431.6700134277344,-0.19000005722045898,-4.668305877316483,3.1500244140625,0.7350939267297514,-5.403399804046234,DOWN,471000.0,pre_market
15758,AI Company GEDiCube and Renovaro Biosciences Sign Definitive Agreement to Combine,"Message from Renovaro Biosciences CEO, The Hon. Mark Dybul, MD",https://www.globenewswire.com/news-release/2023/10/02/2752845/0/en/AI-Company-GEDiCube-and-Renovaro-Biosciences-Sign-Definitive-Agreement-to-Combine.html,Renovacor,RENB,2023-10-02 09:25:00+00:00,globenewswire_biotech,en,4.46999979019165,4.539999961853027,427.4800109863281,426.6199951171875,0.07000017166137695,1.5659994395296317,-0.860015869140625,-0.20118270960934603,1.7671821491389776,UP,437800.0,pre_market
15757,"Message from Renovaro Biosciences CEO, The Hon. Mark Dybul, MD",AI Company GEDiCube and Renovaro Biosciences Sign Definitive Agreement to Combine AI Company GEDiCube and Renovaro Biosciences Sign Definitive Agreement to Combine,https://www.globenewswire.com/news-release/2023/10/02/2753011/0/en/Message-from-Renovaro-Biosciences-CEO-The-Hon-Mark-Dybul-MD.html,Renovacor,RENB,2023-10-02 12:05:00+00:00,globenewswire_biotech,en,4.539999961853027,4.699999809265137,426.6199951171875,427.30999755859375,0.15999984741210938,3.524225743535128,0.69000244140625,0.16173701404143387,3.3624887294936943,UP,437800.0,regular_market
16702,Checkpoint Therapeutics Announces Exercise of Warrants for $11.13 Million in Gross Proceeds,"WALTHAM, Mass., Oct.  02, 2023  (GLOBE NEWSWIRE) -- Checkpoint Therapeutics, Inc. (“Checkpoint”) (Nasdaq: CKPT), a clinical-stage immunotherapy and targeted oncology company, today announced the entry into a definitive agreement for the immediate exercise of certain outstanding (i) Series A warrants to purchase up to an aggregate of 1,734,105 shares of common stock and Series B Series warrants to purchase up to an aggregate of 1,734,105 shares of common stock, each having an exercise price of $4.075 per share, issued by Checkpoint on December 16, 2022 and (ii) Series A warrants to purchase up to an aggregate of 1,428,572 shares of common stock and Series B Series warrants to purchase up to an aggregate of 1,428,572 shares of common stock issued by Checkpoint on February 22, 2023, each having an exercise price of $5.00 per share, at a reduced exercise price of $1.76 per share. The shares of common stock issuable upon exercise of the warrants are registered pursuant to effective registration statements on Form S-3 (File No. 333-251005) and Form S-3 (File No. 333-270474), respectively. The gross proceeds to Checkpoint from the exercise of the warrants are expected to be approximately $11.13 million, prior to deducting placement agent fees and estimated offering expenses. The closing of the offering is expected to occur on or about October 4, 2023, subject to satisfaction of customary closing conditions.",https://www.globenewswire.com/news-release/2023/10/02/2753067/36989/en/Checkpoint-Therapeutics-Announces-Exercise-of-Warrants-for-11-13-Million-in-Gross-Proceeds.html,Checkpoint Therapeutics,CKPT,2023-10-02 12:53:00+00:00,globenewswire_biotech,en,1.75,1.6100000143051147,426.6199951171875,427.30999755859375,-0.13999998569488525,-7.999999182564872,0.69000244140625,0.16173701404143387,-8.161736196606306,DOWN,344152.0,regular_market
15874,Faron to Host Webcast to Discuss New Data From Phase I/II BEXMAB Study of Bexmarilimab and Provide  Update on the Development Outlook for Next 6-9 Months,"TURKU, Finland and BOSTON, Oct.  03, 2023  (GLOBE NEWSWIRE) -- Faron Pharmaceuticals Oy (AIM: FARN, First North: FARON), a clinical-stage biopharmaceutical company pioneering macrophage re-programming for effective cancer immunotherapies, today announces it will host a virtual call for investors to provide an update on the most recent Phase I/II BEXMAB data in acute myeloid leukemia (AML) and myelodysplastic syndrome (MDS) on Wednesday, October 11 at 08.00 EST/13.00 BST/15.00 EEST.",https://www.globenewswire.com/news-release/2023/10/03/2753302/0/en/Faron-to-Host-Webcast-to-Discuss-New-Data-From-Phase-I-II-BEXMAB-Study-of-Bexmarilimab-and-Provide-Update-on-the-Development-Outlook-for-Next-6-9-Months.html,Faron Pharmaceuticals,FARON.HE,2023-10-03 02:00:00+00:00,globenewswire_biotech,en,3.515000104904175,3.615000009536743,427.30999755859375,425.05999755859375,0.09999990463256836,2.84494741530867,-2.25,-0.5265498146205847,3.371497229929255,UP,25611.0,pre_market
14943,Vir Biotechnology Awarded BARDA Funding to Support Development of Antibody Platform Technologies for Global Infectious Disease Threats,Vir Biotechnology Awarded approximately $50 million in BARDA Funding to Support Development of Antibody Platform Technologies for COVID-19,https://www.globenewswire.com/news-release/2023/10/03/2753536/0/en/Vir-Biotechnology-Awarded-BARDA-Funding-to-Support-Development-of-Antibody-Platform-Technologies-for-Global-Infectious-Disease-Threats.html,Vir Biotechnology,VIR,2023-10-03 07:59:00+00:00,globenewswire_biotech,en,8.989999771118164,8.989999771118164,427.30999755859375,425.05999755859375,0.0,0.0,-2.25,-0.5265498146205847,0.5265498146205847,UP,827700.0,pre_market
15734,Phase 2 MIRA primary analysis trial results (12-week) for MoonLake’s Nanobody® sonelokimab in hidradenitis suppurativa to be presented at a late-breaking session at the European Academy of Dermatology and Venereology Congress,Phase 2 MIRA primary analysis trial results (12-week) for MoonLake’s Nanobody® sonelokimab in hidradenitis suppurativa to be presented at a late-breaking session at the European Academy of Dermatology and Venereology Congress,https://www.globenewswire.com/news-release/2023/10/04/2754446/0/en/Phase-2-MIRA-primary-analysis-trial-results-12-week-for-MoonLake-s-Nanobody-sonelokimab-in-hidradenitis-suppurativa-to-be-presented-at-a-late-breaking-session-at-the-European-Acade.html,MoonLake Immunotherapeutics,MLTX,2023-10-04 07:01:00+00:00,globenewswire_biotech,en,57.869998931884766,57.95000076293945,421.5899963378906,422.07000732421875,0.0800018310546875,0.13824405137600357,0.480010986328125,0.11385729986425291,0.024386751511750654,UP,445400.0,pre_market
14859,"Aditxt, Inc. to Present at 8th Annual Dawson James Conference","Chief Executive Officer, Amro Albanna to Present at 9:00am Eastern Time on Thursday, October 12, 2023 Chief Executive Officer, Amro Albanna to Present at 9:00am Eastern Time on Thursday, October 12, 2023",https://www.globenewswire.com/news-release/2023/10/06/2756039/0/en/Aditxt-Inc-to-Present-at-8th-Annual-Dawson-James-Conference.html,Aditxt,ADTX,2023-10-06 08:00:00+00:00,globenewswire_biotech,en,117800.0,115000.0,424.5,421.9700012207031,-2800.0,-2.3769100169779285,-2.529998779296875,-0.5959950010122202,-1.7809150159657081,DOWN,6.0,pre_market
14651,RAD receives approval for Phase 1 therapeutic study of PDL1-nanobody in Non-Small Cell Lung Cancer,"SYDNEY, Australia, Oct.  09, 2023  (GLOBE NEWSWIRE) -- Radiopharm Theranostics (ASX:RAD), a developer of a world-class platform of radiopharmaceutical products for both diagnostic and therapeutic uses, is pleased to announce it has been granted Human Research Ethics Committee (HREC) approval to commence its First-In-Human Phase I study in Australia for the Company’s therapy for patients with PDL1-positive non-small cell lung cancer (NSCLC).",https://www.globenewswire.com/news-release/2023/10/09/2756594/0/en/RAD-receives-approval-for-Phase-1-therapeutic-study-of-PDL1-nanobody-in-Non-Small-Cell-Lung-Cancer.html,Radiopharm Theranostics,RAD.AX,2023-10-09 07:27:00+00:00,globenewswire_biotech,en,0.12278000265359879,0.12278000265359879,429.5400085449219,427.5799865722656,0.0,0.0,-1.96002197265625,-0.4563071969234895,0.4563071969234895,UP,99385.0,pre_market
14614,Eloxx Pharmaceuticals Reports Additional Confirmation that All Nonsense Mutation Alport Syndrome Patients Treated with ELX-02 in Phase 2 Study had Improvement in Kidney Morphology and Clinical Benefit of Reduction or Stabilization of Proteinuria,ELX-02 treatment improved podocyte foot process effacement in all three patients by an average of 60% based on a blinded kidney biopsy analysis by NIPOKA GmbH,https://www.globenewswire.com/news-release/2023/10/09/2756643/0/en/Eloxx-Pharmaceuticals-Reports-Additional-Confirmation-that-All-Nonsense-Mutation-Alport-Syndrome-Patients-Treated-with-ELX-02-in-Phase-2-Study-had-Improvement-in-Kidney-Morphology-.html,Eloxx Pharmaceuticals,ELOX,2023-10-09 08:00:00+00:00,globenewswire_biotech,en,4.320000171661377,4.300000190734863,429.5400085449219,427.5799865722656,-0.019999980926513672,-0.4629625030505988,-1.96002197265625,-0.4563071969234895,-0.006655306127109295,DOWN,18097.0,pre_market
14585,Anaptys Announces Positive Top-Line Phase 3 Clinical Trial Results of Imsidolimab (IL-36R) in Generalized Pustular Psoriasis (GPP),"SAN DIEGO, Oct.  09, 2023  (GLOBE NEWSWIRE) -- AnaptysBio, Inc. (Nasdaq: ANAB), a clinical-stage biotechnology company focused on delivering innovative immunology therapeutics, today announced positive top-line results from its global Phase 3 GEMINI-1 trial evaluating the safety and efficacy of imsidolimab (IL-36R mAb) in patients with generalized pustular psoriasis (GPP) flares. Investigational imsidolimab met its primary endpoint in the study population achieving rapid clearance of pustulation, erythema and scaling through Week 4 after a single dose of 750mg IV imsidolimab. Top-line data also demonstrate a favorable safety and tolerability profile.",https://www.globenewswire.com/news-release/2023/10/09/2756638/0/en/Anaptys-Announces-Positive-Top-Line-Phase-3-Clinical-Trial-Results-of-Imsidolimab-IL-36R-in-Generalized-Pustular-Psoriasis-GPP.html,AnaptysBio,ANAB,2023-10-09 08:00:00+00:00,globenewswire_biotech,en,19.25,20.420000076293945,429.5400085449219,427.5799865722656,1.1700000762939453,6.077922474254261,-1.96002197265625,-0.4563071969234895,6.5342296711777506,UP,541000.0,pre_market
14584,"Anaptys to Provide Overview of Rosnilimab, a PD-1 Agonist, at Virtual R&D Event on Wednesday, Oct. 25","SAN DIEGO, Oct.  09, 2023  (GLOBE NEWSWIRE) -- AnaptysBio, Inc. (Nasdaq: ANAB), a clinical-stage biotechnology company focused on delivering innovative immunology therapeutics, today announced it will host a virtual R&D event for the investment community on rosnilimab, a PD-1 agonist antibody, at 4:15pm ET/1:15pm PT on Wednesday, Oct. 25.",https://www.globenewswire.com/news-release/2023/10/09/2756658/0/en/Anaptys-to-Provide-Overview-of-Rosnilimab-a-PD-1-Agonist-at-Virtual-R-D-Event-on-Wednesday-Oct-25.html,AnaptysBio,ANAB,2023-10-09 08:15:00+00:00,globenewswire_biotech,en,19.25,20.420000076293945,429.5400085449219,427.5799865722656,1.1700000762939453,6.077922474254261,-1.96002197265625,-0.4563071969234895,6.5342296711777506,UP,541000.0,pre_market
15607,"Mydecine Innovations Group Announces Admission to Trading on the AQSE Growth Market in London, UK and First Day of Dealings","The Company has completed its admission to the Access segment of the AQSE Growth Market and trading will commence at 8:00 A.M. GM - Oct 10, 2023 - ""MYIG""",https://www.globenewswire.com/news-release/2023/10/10/2757124/0/en/Mydecine-Innovations-Group-Announces-Admission-to-Trading-on-the-AQSE-Growth-Market-in-London-UK-and-First-Day-of-Dealings.html,Mydecine Innovations Group,MYCO.CN,2023-10-10 02:00:00+00:00,globenewswire_biotech,en,0.17499999701976776,0.17499999701976776,429.5400085449219,432.94000244140625,0.0,0.0,3.399993896484375,0.7915430062037629,-0.7915430062037629,UP,986600.0,pre_market
15756,Renovaro Biosciences Appoints Two Finance Industry Experts to Board of Directors,"LOS ANGELES, Oct.  10, 2023  (GLOBE NEWSWIRE) -- Renovaro Biosciences Inc. (NASDAQ: RENB)(Renovaro), an advanced, pre-clinical biotechnology firm in cell, gene, and immunotherapy focused on solid tumors with short life expectancy, is pleased to announce the appointment of Leni Boeren and Ruud Hendriks as Independent Directors.",https://www.globenewswire.com/news-release/2023/10/10/2757407/0/en/Renovaro-Biosciences-Appoints-Two-Finance-Industry-Experts-to-Board-of-Directors.html,Renovacor,RENB,2023-10-10 08:00:00+00:00,globenewswire_biotech,en,4.599999904632568,4.099999904632568,429.5400085449219,432.94000244140625,-0.5,-10.869565442739683,3.399993896484375,0.7915430062037629,-11.661108448943446,DOWN,624400.0,pre_market
15999,Ovid Therapeutics to Present at the Jefferies Biotech CNS/Neuro Summit,"NEW YORK, Oct.  10, 2023  (GLOBE NEWSWIRE) -- Ovid Therapeutics Inc. (NASDAQ: OVID), a biopharmaceutical company committed to developing medicines that transform the lives of people with epilepsies and seizure-related disorders, today announced that management will participate in a presentation at the Jefferies Inaugural Biotech CNS/Neuro Summit on Thursday, October 12, 2023, at 3:30 p.m. ET in New York.",https://www.globenewswire.com/news-release/2023/10/10/2757419/0/en/Ovid-Therapeutics-to-Present-at-the-Jefferies-Biotech-CNS-Neuro-Summit.html,Ovid Therapeutics,OVID,2023-10-10 08:00:00+00:00,globenewswire_biotech,en,3.680000066757202,3.5799999237060547,429.5400085449219,432.94000244140625,-0.10000014305114746,-2.7173951423122418,3.399993896484375,0.7915430062037629,-3.5089381485160045,DOWN,67700.0,pre_market
15873,Inside information: Faron Announces Positive BEXMAB Study Update in Relapsed/Refractory AML and HMA-Refractory MDS Patients,"Company announcement, Inside Information",https://www.globenewswire.com/news-release/2023/10/11/2758195/0/en/Inside-information-Faron-Announces-Positive-BEXMAB-Study-Update-in-Relapsed-Refractory-AML-and-HMA-Refractory-MDS-Patients.html,Faron Pharmaceuticals,FARON.HE,2023-10-11 07:00:00+00:00,globenewswire_biotech,en,3.819999933242798,4.054999828338623,434.5400085449219,435.6400146484375,0.2349998950958252,6.151829822057976,1.100006103515625,0.25314265243355805,5.898687169624417,UP,117245.0,pre_market
14698,PolyPid Regains Compliance with Nasdaq Minimum Closing Bid Price Rule,"PETACH TIKVA, Israel, Oct.  11, 2023  (GLOBE NEWSWIRE) -- PolyPid Ltd. (Nasdaq: PYPD) (“PolyPid” or the “Company”), a late-stage biopharma company aiming to improve surgical outcomes, today announced that it has received a written notice from The Nasdaq Stock Market LLC (""Nasdaq"") that the Company has regained compliance with the minimum bid price requirement for continued listing set forth in Nasdaq Listing Rule 5550(a)(2), which requires listed securities, including the Company's ordinary shares, to maintain a minimum bid price of $1.00 per share.",https://www.globenewswire.com/news-release/2023/10/11/2758188/0/en/PolyPid-Regains-Compliance-with-Nasdaq-Minimum-Closing-Bid-Price-Rule.html,PolyPid,PYPD,2023-10-11 07:00:00+00:00,globenewswire_biotech,en,3.890000104904175,3.799999952316284,434.5400085449219,435.6400146484375,-0.09000015258789062,-2.313628538837987,1.100006103515625,0.25314265243355805,-2.5667711912715454,DOWN,3100.0,pre_market
14941,Vir Biotechnology Announces Multiple Abstracts Highlighting New Chronic Hepatitis B and Hepatitis Delta Data Accepted for Presentation at AASLD’s The Liver Meeting® 2023,Eight abstracts highlighting new data from Vir's chronic hepatitis B and chronic hepatitis delta programs have been accepted for presentation at AASLD.,https://www.globenewswire.com/news-release/2023/10/11/2758321/0/en/Vir-Biotechnology-Announces-Multiple-Abstracts-Highlighting-New-Chronic-Hepatitis-B-and-Hepatitis-Delta-Data-Accepted-for-Presentation-at-AASLD-s-The-Liver-Meeting-2023.html,Vir Biotechnology,VIR,2023-10-11 08:00:00+00:00,globenewswire_biotech,en,8.880000114440918,8.800000190734863,434.5400085449219,435.6400146484375,-0.07999992370605469,-0.9009000301245093,1.100006103515625,0.25314265243355805,-1.1540426825580674,DOWN,905900.0,pre_market
15838,Elicio Therapeutics Announces Upcoming Presentations at the Society for Immunotherapy of Cancer’s (SITC 2023) Annual Meeting,"BOSTON, Oct.  11, 2023  (GLOBE NEWSWIRE) -- Elicio Therapeutics, Inc. (Nasdaq: ELTX, “Elicio Therapeutics” or “Elicio”), a clinical-stage biotechnology company developing a pipeline of novel immunotherapies for the treatment of cancer, today announced that it will present updated preliminary data from the ongoing Phase 1 (AMPLIFY-201) study of its lead asset, ELI-002, targeting mutated KRAS in patients with high relapse risk pancreatic and colorectal cancers, and preclinical data on ELI-007 and ELI-008. ELI-007, a mutant BRAF-peptide vaccine, and ELI-008, a p53 hotspot mutation-peptide vaccine, are being evaluated in studies funded by a grant from the Gastro-Intestinal (GI) Research Foundation with the aim of developing multivalent cancer vaccines targeting several mutations.",https://www.globenewswire.com/news-release/2023/10/11/2758314/0/en/Elicio-Therapeutics-Announces-Upcoming-Presentations-at-the-Society-for-Immunotherapy-of-Cancer-s-SITC-2023-Annual-Meeting.html,Elicio Therapeutics,ELTX,2023-10-11 08:00:00+00:00,globenewswire_biotech,en,7.5,7.5,434.5400085449219,435.6400146484375,0.0,0.0,1.100006103515625,0.25314265243355805,-0.25314265243355805,UP,4100.0,pre_market
15859,NKGen Announces Poster Presentation at the XXVI World Congress of Neurology (WCN) Annual Meeting 2023,"SANTA ANA, Calif., Oct.  11, 2023  (GLOBE NEWSWIRE) -- NKGen Biotech Inc. (Nasdaq: NKGN) (“NKGen” or the “Company”), a clinical-stage biotechnology company focused on the development and commercialization of innovative autologous, allogeneic, and CAR-NK natural killer cell therapeutics, today announced an upcoming poster presentation on an interim report of a Phase I study of SNK01 in patients with Alzheimer’s Disease, at the XXVI World Congress of Neurology (WCN) Annual Meeting to be held in Montreal, QC, Canada and online between October 15–19, 2023.",https://www.globenewswire.com/news-release/2023/10/11/2758282/0/en/NKGen-Announces-Poster-Presentation-at-the-XXVI-World-Congress-of-Neurology-WCN-Annual-Meeting-2023.html,NKGen Biotech,NKGN,2023-10-11 08:00:00+00:00,globenewswire_biotech,en,3.1600000858306885,3.2100000381469727,434.5400085449219,435.6400146484375,0.04999995231628418,1.5822769290571204,1.100006103515625,0.25314265243355805,1.3291342766235623,UP,41700.0,pre_market
14583,"Anaptys to Present Phase 1 Data on ANB032, its BTLA Agonist Antibody, at the 32nd EADV Congress","SAN DIEGO, Oct.  11, 2023  (GLOBE NEWSWIRE) -- AnaptysBio, Inc. (Nasdaq: ANAB), a clinical-stage biotechnology company focused on delivering innovative immunology therapeutics, today announced two upcoming presentations at the 32nd European Academy of Dermatology and Venerology (EADV) Congress in Berlin, Germany, Oct. 11-14, 2023. The oral presentation will focus on ANB032’s previously reported healthy volunteer Phase 1 data and the trial-in-progress poster presentation will focus on ANB032’s Phase 2b study in moderate to severe atopic dermatitis.",https://www.globenewswire.com/news-release/2023/10/11/2758455/0/en/Anaptys-to-Present-Phase-1-Data-on-ANB032-its-BTLA-Agonist-Antibody-at-the-32nd-EADV-Congress.html,AnaptysBio,ANAB,2023-10-11 09:15:00+00:00,globenewswire_biotech,en,19.59000015258789,19.559999465942383,434.5400085449219,435.6400146484375,-0.030000686645507812,-0.15314286070357505,1.100006103515625,0.25314265243355805,-0.4062855131371331,DOWN,84100.0,pre_market
15755,"Avram Miller, Co-Founder of Intel Capital, Joins Renovaro Biosciences Board of Directors","LOS ANGELES, Oct.  11, 2023  (GLOBE NEWSWIRE) -- Renovaro Biosciences Inc. (NASDAQ: RENB)(Renovaro), a biotechnology corporation focusing on cell, gene, and immunotherapy, has announced that Avram Miller will join its Board of Directors. Beyond this board position, Mr. Miller will also take on an advisory role, contributing to the company's strategy and business development efforts. Renovaro Biosciences has recently signed a definitive agreement to combine with GEDiCube, a UK-based medical AI company specializing in early detection and remissions of cancer, and expedited drug discovery (Renovaro Press Release) (GEDiCube press release). GEDiCube intends to rebrand as Renovaro.AI.",https://www.globenewswire.com/news-release/2023/10/11/2758464/0/en/Avram-Miller-Co-Founder-of-Intel-Capital-Joins-Renovaro-Biosciences-Board-of-Directors.html,Renovacor,RENB,2023-10-11 09:25:00+00:00,globenewswire_biotech,en,5.179999828338623,5.079999923706055,434.5400085449219,435.6400146484375,-0.09999990463256836,-1.930500153407172,1.100006103515625,0.25314265243355805,-2.18364280584073,DOWN,360200.0,pre_market
15733,MoonLake Immunotherapeutics presents positive 12-week data from the Phase 2 MIRA trial with Nanobody® Sonelokimab for Hidradenitis Suppurativa at the European Academy of Dermatology and Venereology Congress,MoonLake Immunotherapeutics presents positive 12-week data from the Phase 2 MIRA trial with Nanobody® Sonelokimab for Hidradenitis Suppurativa at the European Academy of Dermatology and Venereology Congress,https://www.globenewswire.com/news-release/2023/10/11/2758532/0/en/MoonLake-Immunotherapeutics-presents-positive-12-week-data-from-the-Phase-2-MIRA-trial-with-Nanobody-Sonelokimab-for-Hidradenitis-Suppurativa-at-the-European-Academy-of-Dermatology.html,MoonLake Immunotherapeutics,MLTX,2023-10-11 10:15:00+00:00,globenewswire_biotech,en,60.0099983215332,54.880001068115234,435.6400146484375,436.32000732421875,-5.129997253417969,-8.548570899688206,0.67999267578125,0.1560904997053601,-8.704661399393567,DOWN,998200.0,regular_market
15606,"Mydecine Innovations Group Announces Admission to Trading on the AQSE Growth Market in London, UK","VANCOUVER, British Columbia, Oct.  12, 2023  (GLOBE NEWSWIRE) -- Mydecine Innovations Group, Inc. (“Mydecine” or the “Company”) (NEO:MYCO) (AQSE: MYIG) (OTC: MYCOF) (FSE: 0NFA), a biotechnology company engineering the next wave of innovative medications and treatment protocols to directly address mental health with a particular emphasis on addiction and PTSD, announces that it has completed its admission to the Access segment of the AQSE Growth Market (“AQSE”) and that trading commenced at 8:00 A.M. GMT on Tuesday, 10 October 2023 (""Admission"") under the ticker ""MYIG"".",https://www.globenewswire.com/news-release/2023/10/12/2758940/0/en/Mydecine-Innovations-Group-Announces-Admission-to-Trading-on-the-AQSE-Growth-Market-in-London-UK.html,Mydecine Innovations Group,MYCO.CN,2023-10-12 02:00:00+00:00,globenewswire_biotech,en,0.17000000178813934,0.16500000655651093,436.32000732421875,436.95001220703125,-0.004999995231628418,-2.9411736347271384,0.6300048828125,0.14439055560987804,-3.0855641903370166,DOWN,83386.0,pre_market
15572,PepGen Inc. Announces FDA has Lifted the Clinical Hold on its Investigational New Drug Application for FREEDOM-DM1 Phase 1 Study of PGN-EDODM1 for Myotonic Dystrophy Type 1 (DM1),"– Lifting of FDA hold allows FREEDOM-DM1 study to launch in the U.S. with target dose levels of 5 mg/kg, 10 mg/kg and 20 mg/kg –",https://www.globenewswire.com/news-release/2023/10/12/2759094/0/en/PepGen-Inc-Announces-FDA-has-Lifted-the-Clinical-Hold-on-its-Investigational-New-Drug-Application-for-FREEDOM-DM1-Phase-1-Study-of-PGN-EDODM1-for-Myotonic-Dystrophy-Type-1-DM1.html,PepGen,PEPG,2023-10-12 07:00:00+00:00,globenewswire_biotech,en,5.260000228881836,5.230000019073486,436.32000732421875,436.95001220703125,-0.03000020980834961,-0.57034616925724,0.6300048828125,0.14439055560987804,-0.714736724867118,DOWN,165100.0,pre_market
15452,Adagene Announces Poster Presentation on Optimal Dose Selection for Masked Anti-CTLA-4 SAFEbody® ADG126 at Upcoming Society for Immunotherapy of Cancer (SITC) 38th Annual Meeting,- Data reinforces mechanism of action and selection of 10 mg/kg every three weeks repeat dosing regimen with pembrolizumab in ongoing MSS CRC dose expansion cohort –,https://www.globenewswire.com/news-release/2023/10/12/2759194/0/en/Adagene-Announces-Poster-Presentation-on-Optimal-Dose-Selection-for-Masked-Anti-CTLA-4-SAFEbody-ADG126-at-Upcoming-Society-for-Immunotherapy-of-Cancer-SITC-38th-Annual-Meeting.html,Adagene,ADAG,2023-10-12 08:00:00+00:00,globenewswire_biotech,en,1.4900000095367432,1.5399999618530273,436.32000732421875,436.95001220703125,0.04999995231628418,3.35570147625903,0.6300048828125,0.14439055560987804,3.2113109206491517,UP,31900.0,pre_market
15453,天演药业将在第38届SITC年会上以海报形式公布其精准掩蔽型抗CTLA-4安全抗体SAFEbody® ADG126剂量优化试验结果,-数据将展示ADG126的作用机制及与帕博利珠单抗联用连续给药的剂量优化，10 mg/kg每3周一次的方案目前正在微卫星稳定型晚期结直肠癌中进行队列扩展研究,https://www.globenewswire.com/news-release/2023/10/12/2759195/0/zh-hans/%E5%A4%A9%E6%BC%94%E8%8D%AF%E4%B8%9A%E5%B0%86%E5%9C%A8%E7%AC%AC38%E5%B1%8ASITC%E5%B9%B4%E4%BC%9A%E4%B8%8A%E4%BB%A5%E6%B5%B7%E6%8A%A5%E5%BD%A2%E5%BC%8F%E5%85%AC%E5%B8%83%E5%85%B6%E7%B2%BE%E5%87%86%E6%8E%A9%E8%94%BD%E5%9E%8B%E6%8A%97CTLA-4%E5%AE%89%E5%85%A8%E6%8A%97%E4%BD%93SAFEbody-ADG126%E5%89%82%E9%87%8F%E4%BC%98%E5%8C%96%E8%AF%95%E9%AA%8C%E7%BB%93%E6%9E%9C.html,Adagene,ADAG,2023-10-12 08:00:00+00:00,globenewswire_biotech,zh,1.4900000095367432,1.5399999618530273,436.32000732421875,436.95001220703125,0.04999995231628418,3.35570147625903,0.6300048828125,0.14439055560987804,3.2113109206491517,UP,31900.0,pre_market
15437,Annovis Bio Announces Positive Interim Independent Analysis for Statistical Power in Its Alzheimer’s Study,"Pre-specified, blinded interim analysis for sample size re-estimation indicates that the ongoing Phase 2/3 study in Alzheimer’s Disease (AD) is sufficiently powered to continue as planned without any additional patients Pre-specified, blinded interim analysis for sample size re-estimation indicates that the ongoing Phase 2/3 study in Alzheimer’s Disease (AD) is sufficiently powered to continue as planned without any additional patients",https://www.globenewswire.com/news-release/2023/10/12/2759203/0/en/Annovis-Bio-Announces-Positive-Interim-Independent-Analysis-for-Statistical-Power-in-Its-Alzheimer-s-Study.html,Annovis Bio,ANVS,2023-10-12 08:02:00+00:00,globenewswire_biotech,en,7.699999809265137,8.0,436.32000732421875,436.95001220703125,0.3000001907348633,3.8961064696895664,0.6300048828125,0.14439055560987804,3.7517159140796883,UP,341600.0,pre_market
15366,OpGen Enters Into Warrant Inducement Transaction for up to $11.2 Million in Gross Proceeds,"ROCKVILLE, Md., Oct.  12, 2023  (GLOBE NEWSWIRE) -- OpGen, Inc. (NASDAQ: OPGN) (“OpGen” or “the Company”), a precision medicine company harnessing the power of molecular diagnostics and informatics to help combat infectious disease, announced today that it has entered into an agreement with an institutional investor that is an existing holder of warrants to purchase common shares of the Company for cash (the “Existing Warrants”), wherein the investor agreed to exercise the Existing Warrants to purchase up to a maximum of 10,892,728 common shares at an exercise price of $0.7785 per share. As part of the agreement, the existing holder has agreed to pay an additional $0.25 consideration per share, resulting in gross proceeds of up to approximately $11.2 million, assuming full exercise of the existing warrants and before deducting offering fees and expenses.",https://www.globenewswire.com/news-release/2023/10/12/2759527/35690/en/OpGen-Enters-Into-Warrant-Inducement-Transaction-for-up-to-11-2-Million-in-Gross-Proceeds.html,OpGen,OPGN,2023-10-12 12:32:00+00:00,globenewswire_biotech,en,16.5,9.199999809265137,436.95001220703125,433.6600036621094,-7.300000190734863,-44.24242539839311,-3.290008544921875,-0.7529484959398597,-43.48947690245325,DOWN,7076600.0,regular_market
15309,PCI Biotech initiates field testing of its proprietary technology for gene therapy manufacturing,"Oslo, Norway, 13 October 2023 – PCI Biotech (OSE: PCIB) today announced a research collaboration agreement with the aim to address critical pain points in the manufacturing of gene therapies.",https://www.globenewswire.com/news-release/2023/10/13/2759790/0/en/PCI-Biotech-initiates-field-testing-of-its-proprietary-technology-for-gene-therapy-manufacturing.html,PCI Biotech Holding,PCIB.OL,2023-10-13 04:17:00+00:00,globenewswire_biotech,en,1.3600000143051147,1.409999966621399,433.6600036621094,435.2099914550781,0.04999995231628418,3.676467043408923,1.54998779296875,0.3574200479360875,3.3190469954728354,UP,4367898.0,pre_market
15215,Biomerica Reports First Quarter 2024 Financial Results,Biomerica Reports First Quarter 2024 Financial Results.  Revenues excluding Covid test sales increased 16.3% for first fiscal quarter of 2024,https://www.globenewswire.com/news-release/2023/10/13/2759856/0/en/Biomerica-Reports-First-Quarter-2024-Financial-Results.html,Biomerica,BMRA,2023-10-13 06:39:00+00:00,globenewswire_biotech,en,6.0,5.760000228881836,433.6600036621094,435.2099914550781,-0.23999977111816406,-3.9999961853027344,1.54998779296875,0.3574200479360875,-4.357416233238822,DOWN,5050.0,pre_market
15214,REPEAT - Biomerica Reports First Quarter 2024 Financial Results,Biomerica Reports First Quarter 2024 Financial Results.  Revenues excluding Covid test sales increased 16.3% for first fiscal quarter of 2024,https://www.globenewswire.com/news-release/2023/10/13/2760118/0/en/REPEAT-Biomerica-Reports-First-Quarter-2024-Financial-Results.html,Biomerica,BMRA,2023-10-13 13:10:00+00:00,globenewswire_biotech,en,5.760000228881836,5.920000076293945,435.2099914550781,431.5,0.15999984741210938,2.7777750183035925,-3.709991455078125,-0.8524600831598936,3.6302351014634864,UP,5050.0,regular_market
16543,Entera Bio Reports Rapid Pharmacodynamic (PD) Response and Consistent Pharmacokinetic (PK) Data for its First-in-Class Oral PTH(1-34) Mini Tablets at the ASBMR 2023 Annual Meeting,"JERUSALEM, Oct.  16, 2023  (GLOBE NEWSWIRE) -- Entera Bio Ltd. (NASDAQ: ENTX), (“Entera” or the “Company”) a leader in the development of orally delivered peptides and therapeutic proteins, presented 2 posters at the Annual Society of Bone and Mineral Research (ASBMR) 2023 Annual Meeting held on October 13-16, 2023 in Vancouver, BC, Canada. Both posters will be available on the Company’s website, www.enterabio.com.",https://www.globenewswire.com/news-release/2023/10/16/2760611/0/en/Entera-Bio-Reports-Rapid-Pharmacodynamic-PD-Response-and-Consistent-Pharmacokinetic-PK-Data-for-its-First-in-Class-Oral-PTH-1-34-Mini-Tablets-at-the-ASBMR-2023-Annual-Meeting.html,Entera Bio,ENTX,2023-10-16 08:00:00+00:00,globenewswire_biotech,en,0.7300000190734863,0.7490000128746033,431.5,433.82000732421875,0.018999993801116943,2.60273880886081,2.32000732421875,0.5376610253114137,2.065077783549396,UP,94100.0,pre_market
16483,"Inotiv, Inc. Announces Changes to its Board Composition","WEST LAFAYETTE, Ind., Oct.  16, 2023  (GLOBE NEWSWIRE) -- Inotiv, Inc. (Nasdaq: NOTV), a leading contract research organization, today announced the appointment of Terry Coelho to its Board of Directors. Ms. Coelho is replacing Richard A. Johnson PhD, who is leaving the Board as part of the Board’s succession planning. Ms. Coelho was also appointed to serve as a member of the Compensation Committee and the Audit Committee, and as a member and the Chair of the Nominating/Corporate Governance Committee of the Board.",https://www.globenewswire.com/news-release/2023/10/16/2760610/0/en/Inotiv-Inc-Announces-Changes-to-its-Board-Composition.html,Inotiv,NOTV,2023-10-16 08:00:00+00:00,globenewswire_biotech,en,2.049999952316284,2.119999885559082,431.5,433.82000732421875,0.06999993324279785,3.4146309693180865,2.32000732421875,0.5376610253114137,2.8769699440066727,UP,549400.0,pre_market
16303,Nidlegy™ Phase III PIVOTAL trial meets the study’s primary objective demonstrating statistically significant and clinically meaningful improvement in Recurrence-Free Survival for patients with locally advanced fully resectable melanoma,Nidlegy™ Phase III PIVOTAL trial meets the study’s primary objective for patients with locally advanced fully resectable melanoma,https://www.globenewswire.com/news-release/2023/10/16/2760644/0/en/Nidlegy-Phase-III-PIVOTAL-trial-meets-the-study-s-primary-objective-demonstrating-statistically-significant-and-clinically-meaningful-improvement-in-Recurrence-Free-Survival-for-pa.html,PharmaNutra,PHIL.MI,2023-10-16 08:21:00+00:00,globenewswire_biotech,en,18.450000762939453,18.799999237060547,431.5,433.82000732421875,0.34999847412109375,1.897010621398652,2.32000732421875,0.5376610253114137,1.3593495960872382,UP,62721.0,pre_market
14489,Fortress Biotech Subsidiary Helocyte Announces Option Agreement with City of Hope for Exclusive Worldwide Rights to use a Novel Bispecific CMV/HIV CAR T Cell Therapy (optionally in combination with Triplex) for the Treatment of Adults Living with HIV-1,Recent $11.3 million grant from the California Institute for Regenerative Medicine (CIRM) intended to fund the Phase 1 clinical trial at City of Hope; the Investigational New Drug application for which has now been accepted by the Food and Drug Administration,https://www.globenewswire.com/news-release/2023/10/16/2760729/28889/en/Fortress-Biotech-Subsidiary-Helocyte-Announces-Option-Agreement-with-City-of-Hope-for-Exclusive-Worldwide-Rights-to-use-a-Novel-Bispecific-CMV-HIV-CAR-T-Cell-Therapy-optionally-in-.html,Fortress Biotech,FBIO,2023-10-16 09:00:00+00:00,globenewswire_biotech,en,2.9000000953674316,2.9100000858306885,431.5,433.82000732421875,0.009999990463256836,0.3448272460139292,2.32000732421875,0.5376610253114137,-0.19283377929748446,UP,107000.0,pre_market
15858,NKGen Biotech Presents Interim Phase I Trial Data at the  XXVI World Congress of Neurology (WCN) Annual Meeting 2023,"SANTA ANA, Calif., Oct.  17, 2023  (GLOBE NEWSWIRE) -- NKGen Biotech Inc. (Nasdaq: NKGN) (“NKGen” or the “Company”), a clinical-stage biotechnology company focused on the development and commercialization of innovative autologous, allogeneic, and CAR-NK natural killer cell therapeutics, today presented a poster with interim Phase I trial data on the use of its investigational NK cell therapy, SNK01, to treat patients with Alzheimer’s disease (“AD”) at the XXVI World Congress of Neurology (WCN) Annual Meeting in Montreal, QC, Canada and online.",https://www.globenewswire.com/news-release/2023/10/17/2761460/0/en/NKGen-Biotech-Presents-Interim-Phase-I-Trial-Data-at-the-XXVI-World-Congress-of-Neurology-WCN-Annual-Meeting-2023.html,NKGen Biotech,NKGN,2023-10-17 08:00:00+00:00,globenewswire_biotech,en,3.0,2.940000057220459,436.0400085449219,432.80999755859375,-0.059999942779541016,-1.9999980926513672,-3.230010986328125,-0.7407602337012067,-1.2592378589501605,DOWN,15700.0,pre_market
15998,Ovid Therapeutics and Ligand Pharmaceuticals Enter into a $30 Million Agreement for a 13% Interest in Soticlestat Royalties and Milestones Extending Ovid’s Cash Runway into 2026,"NEW YORK and SAN DIEGO, Oct.  18, 2023  (GLOBE NEWSWIRE) -- Ovid Therapeutics Inc. (NASDAQ: OVID), a biopharmaceutical company dedicated to developing medicines that transform the lives of people with rare epilepsies and seizure-related disorders, and Ligand Pharmaceuticals Incorporated (NASDAQ: LGND) today announced that Ligand has acquired a 13 percent portion of the royalties and milestones owed to Ovid related to the potential approval and commercialization of soticlestat. In return, Ovid will receive a $30 million payment, less certain reimbursable expenses.",https://www.globenewswire.com/news-release/2023/10/18/2762278/0/en/Ovid-Therapeutics-and-Ligand-Pharmaceuticals-Enter-into-a-30-Million-Agreement-for-a-13-Interest-in-Soticlestat-Royalties-and-Milestones-Extending-Ovid-s-Cash-Runway-into-2026.html,Ovid Therapeutics,OVID,2023-10-18 08:00:00+00:00,globenewswire_biotech,en,3.7149999141693115,3.640000104904175,436.0199890136719,434.19000244140625,-0.07499980926513672,-2.0188374427434397,-1.829986572265625,-0.4197024490563537,-1.599134993687086,DOWN,127700.0,pre_market
16701,Checkpoint Therapeutics Announces Publication of Cosibelimab Pivotal Trial Results in the Journal for ImmunoTherapy of Cancer,"Cosibelimab is the first PD-L1–blocking antibody to demonstrate a robust, durable and clinically meaningful objective response, and a manageable safety profile, in patients with metastatic cutaneous squamous cell carcinoma",https://www.globenewswire.com/news-release/2023/10/18/2762378/36989/en/Checkpoint-Therapeutics-Announces-Publication-of-Cosibelimab-Pivotal-Trial-Results-in-the-Journal-for-ImmunoTherapy-of-Cancer.html,Checkpoint Therapeutics,CKPT,2023-10-18 08:30:00+00:00,globenewswire_biotech,en,1.940000057220459,2.0199999809265137,436.0199890136719,434.19000244140625,0.07999992370605469,4.123707285899507,-1.829986572265625,-0.4197024490563537,4.543409734955861,UP,428102.0,pre_market
16677,RAPT Therapeutics Announces Two FLX475 Presentations at the Society for Immunotherapy of Cancer (SITC) 2023 Annual Meeting,"SOUTH SAN FRANCISCO, Calif., Oct.  18, 2023  (GLOBE NEWSWIRE) -- RAPT Therapeutics, Inc. (Nasdaq: RAPT), a clinical-stage, immunology-based therapeutics company focused on discovering, developing and commercializing oral small molecule therapies for patients with significant unmet needs in inflammatory diseases and oncology, today announced it will present two posters on FLX475, its oncology drug candidate, at the Society for Immunotherapy of Cancer 2023 Annual Meeting taking place November 3-5, 2023 in San Diego, CA.",https://www.globenewswire.com/news-release/2023/10/18/2762443/0/en/RAPT-Therapeutics-Announces-Two-FLX475-Presentations-at-the-Society-for-Immunotherapy-of-Cancer-SITC-2023-Annual-Meeting.html,RAPT Therapeutics,RAPT,2023-10-18 09:00:00+00:00,globenewswire_biotech,en,97.83999633789062,96.87999725341797,436.0199890136719,434.19000244140625,-0.9599990844726562,-0.9811928867590075,-1.829986572265625,-0.4197024490563537,-0.5614904377026538,DOWN,34188.0,pre_market
16653,Celularity Announces Commercial Biomaterial Products Receive Saudi Food and Drug Authority (SFDA) Product Classification,SFDA Classification Establishes Clear Regulatory Pathway for Importation of Celularity’s Commercial Biomaterial Products into the Kingdom of Saudi Arabia,https://www.globenewswire.com/news-release/2023/10/18/2762428/0/en/Celularity-Announces-Commercial-Biomaterial-Products-Receive-Saudi-Food-and-Drug-Authority-SFDA-Product-Classification.html,Celularity,CELU,2023-10-18 09:00:00+00:00,globenewswire_biotech,en,3.2100000381469727,3.200000047683716,436.0199890136719,434.19000244140625,-0.009999990463256836,-0.31152617895386386,-1.829986572265625,-0.4197024490563537,0.10817627010248981,DOWN,142090.0,pre_market
16608,NexImmune Announces 1-for-25 Reverse Stock Split,"GAITHERSBURG, Md., Oct.  18, 2023  (GLOBE NEWSWIRE) -- NexImmune, Inc. (Nasdaq: NEXI) (the “Company”) a biotechnology company developing a novel approach to immunotherapy designed to orchestrate a targeted immune response by directing the function of antigen-specific T cells in oncology, autoimmune and infectious diseases, today announced that the Board of Directors and stockholders of the Company approved a 1-for-25 reverse stock split of the Company’s common stock at a special meeting of the Company held on October 17, 2023. The reverse stock split will take effect after the close of trading on The Nasdaq Capital Market at 5:00 p.m. Eastern Time, on Wednesday, October 18, 2023. The Company’s common stock will open for trading under a new CUSIP number 65344D 208 on The Nasdaq Capital Market on October 19, 2023, on a split-adjusted basis under the current ticker symbol ""NEXI."" The reverse stock split is intended to increase the per share trading price of the Company's common stock to enable the Company to regain compliance with the minimum bid price requirement for continued listing on The Nasdaq Capital Market.",https://www.globenewswire.com/news-release/2023/10/18/2762610/0/en/NexImmune-Announces-1-for-25-Reverse-Stock-Split.html,NexImmune,NEXI,2023-10-18 11:30:00+00:00,globenewswire_biotech,en,5.75,4.474999904632568,434.19000244140625,430.2099914550781,-1.2750000953674316,-22.17391470204229,-3.980010986328125,-0.9166519182728592,-21.25726278376943,DOWN,44473.0,regular_market
15857,NKGen Biotech Announces Poster Presentation at the 16th Annual Clinical Trials on Alzheimer’s Disease (CTAD) Conference,"SANTA ANA, Calif., Oct.  19, 2023  (GLOBE NEWSWIRE) -- NKGen Biotech Inc. (Nasdaq: NKGN) (“NKGen” or the “Company”), a clinical-stage biotechnology company focused on the development and commercialization of innovative autologous, allogeneic and CAR-NK natural killer cell therapeutics, today announced an upcoming poster presentation on a final report of a Phase I dose escalation study of SNK01 in subjects with Alzheimer’s Disease, at the 16th Clinical Trials on Alzheimer’s Disease Annual Meeting to be held in Boston, MA, USA from October 24–27, 2023.",https://www.globenewswire.com/news-release/2023/10/19/2763130/0/en/NKGen-Biotech-Announces-Poster-Presentation-at-the-16th-Annual-Clinical-Trials-on-Alzheimer-s-Disease-CTAD-Conference.html,NKGen Biotech,NKGN,2023-10-19 08:00:00+00:00,globenewswire_biotech,en,2.9100000858306885,2.940000057220459,430.2099914550781,430.95001220703125,0.029999971389770508,1.0309268214748768,0.740020751953125,0.17201384594769387,0.8589129755271829,UP,20700.0,pre_market
16607,NexImmune Announces Presentations at The Society for Immunotherapy of Cancer’s 38th Annual Meeting,"GAITHERSBURG, Md., Oct.  19, 2023  (GLOBE NEWSWIRE) -- NexImmune, Inc. a biotechnology company developing a novel approach to immunotherapy designed to orchestrate a targeted immune response by directing the function of antigen-specific T cells in oncology, autoimmune and infectious diseases, today announced that three abstracts have been accepted for poster presentation at the upcoming Society for Immunotherapy of Cancer (SITC) 38th Annual Meeting in San Diego, CA , being held November 1-5, 2023.",https://www.globenewswire.com/news-release/2023/10/19/2763112/0/en/NexImmune-Announces-Presentations-at-The-Society-for-Immunotherapy-of-Cancer-s-38th-Annual-Meeting.html,NexImmune,NEXI,2023-10-19 08:00:00+00:00,globenewswire_biotech,en,4.474999904632568,4.179999828338623,430.2099914550781,430.95001220703125,-0.2950000762939453,-6.5921806163293555,0.740020751953125,0.17201384594769387,-6.764194462277049,DOWN,34648.0,pre_market
16606,"NexImmune, Yale, and JDRF Extend Research Partnership for Type 1 Diabetes","GAITHERSBURG, Md., Oct.  24, 2023  (GLOBE NEWSWIRE) -- NexImmune, Inc. (Nasdaq: NEXI) announces the extension of the research partnership between NexImmune, Yale and JDRF to explore the use of NexImmune’s AIM nanoparticles in combination with an anti-CD3 mAb to tolerize, deplete or modulate diabetes antigen-specific T cells. The extension includes an additional $300,000 grant, funded by JDRF to Yale, as a part of its Cures research portfolio, which includes therapies for the prevention of type 1 diabetes (T1D).",https://www.globenewswire.com/news-release/2023/10/24/2765592/0/en/NexImmune-Yale-and-JDRF-Extend-Research-Partnership-for-Type-1-Diabetes.html,NexImmune,NEXI,2023-10-24 08:00:00+00:00,globenewswire_biotech,en,4.070000171661377,4.309999942779541,420.4599914550781,422.6499938964844,0.23999977111816406,5.8968000244628,2.19000244140625,0.5208586990232646,5.375941325439535,UP,18253.0,pre_market
15856,NKGen Biotech Announces FDA Clearance of Investigational New Drug Application for SNK01 NK Cell Therapy to Treat Alzheimer’s Disease,NKGen’s neurodegenerative program continues to advance with dosing in the Phase 1/2a clinical trial anticipated to commence by year-end 2023,https://www.globenewswire.com/news-release/2023/10/24/2765577/0/en/NKGen-Biotech-Announces-FDA-Clearance-of-Investigational-New-Drug-Application-for-SNK01-NK-Cell-Therapy-to-Treat-Alzheimer-s-Disease.html,NKGen Biotech,NKGN,2023-10-24 08:00:00+00:00,globenewswire_biotech,en,3.0,3.309999942779541,420.4599914550781,422.6499938964844,0.309999942779541,10.3333314259847,2.19000244140625,0.5208586990232646,9.812472726961435,UP,179900.0,pre_market
15605,Mydecine Provides Q4 2023 Business Update,Mydecine is pleased to address its shareholders and provide a general update on the company's progress.,https://www.globenewswire.com/news-release/2023/10/26/2767127/0/en/Mydecine-Provides-Q4-2023-Business-Update.html,Mydecine Innovations Group,MYCO.CN,2023-10-26 02:00:00+00:00,globenewswire_biotech,en,0.14499999582767487,0.14499999582767487,417.54998779296875,416.45001220703125,0.0,0.0,-1.0999755859375,-0.2634356647336065,0.2634356647336065,UP,71844.0,pre_market
15855,NKGen Biotech Presented Phase I Clinical Trial Data at the  16th Annual Clinical Trials on Alzheimer’s Disease (CTAD) Conference,90% of patients demonstrated improvement or maintained stable cognitive function as per Alzheimer's disease composite score (ADCOMS) following 11 weeks,https://www.globenewswire.com/news-release/2023/10/26/2767459/0/en/NKGen-Biotech-Presented-Phase-I-Clinical-Trial-Data-at-the-16th-Annual-Clinical-Trials-on-Alzheimer-s-Disease-CTAD-Conference.html,NKGen Biotech,NKGN,2023-10-26 08:00:00+00:00,globenewswire_biotech,en,3.5,3.6600000858306885,417.54998779296875,416.45001220703125,0.16000008583068848,4.571431023733957,-1.0999755859375,-0.2634356647336065,4.834866688467563,UP,106900.0,pre_market
15939,MediciNova’s Collaborator Initiates Clinical Development of a Gene Therapy Product for the Treatment of Phenylketonuria,"LA JOLLA, Calif., Oct.  26, 2023  (GLOBE NEWSWIRE) -- MediciNova, Inc., a biopharmaceutical company traded on the NASDAQ Global Market (NASDAQ:MNOV) and the Standard Market of the Tokyo Stock Exchange (Code Number: 4875), today announced that its collaborator Genzyme Corporation, a subsidiary of Sanofi, has treated the first patient in a clinical trial of SAR444836 for the treatment of phenylketonuria (PKU). SAR444836 is a phenylalanine hydroxylase (PAH) replacement gene therapy product based on adeno-associated virus (AAV) vector technology which is covered under MediciNova’s assignment agreement with Genzyme Corporation.",https://www.globenewswire.com/news-release/2023/10/27/2768137/7767/en/MediciNova-s-Collaborator-Initiates-Clinical-Development-of-a-Gene-Therapy-Product-for-the-Treatment-of-Phenylketonuria.html,MediciNova,MNOV,2023-10-27 01:00:00+00:00,globenewswire_biotech,en,1.940000057220459,1.9500000476837158,412.54998779296875,414.19000244140625,0.009999990463256836,0.5154634107374384,1.6400146484375,0.3975311348840746,0.1179322758533638,UP,2200.0,pre_market
15872,"Inside Information: Announcement of the Results of Placing, the Issue Price and registration of Placing Shares with the Trade Register","THIS ANNOUNCEMENT AND THE INFORMATION CONTAINED HEREIN IS RESTRICTED AND IS NOT FOR RELEASE, PUBLICATION OR DISTRIBUTION, IN WHOLE OR IN PART, DIRECTLY OR INDIRECTLY, IN, INTO OR FROM THE UNITED STATES, AUSTRALIA, CANADA, JAPAN, THE REPUBLIC OF SOUTH AFRICA, SINGAPORE, HONG KONG OR ANY OTHER JURISDICTION IN WHICH SUCH RELEASE, PUBLICATION OR DISTRIBUTION WOULD BE UNLAWFUL.",https://www.globenewswire.com/news-release/2023/10/27/2768168/0/en/Inside-Information-Announcement-of-the-Results-of-Placing-the-Issue-Price-and-registration-of-Placing-Shares-with-the-Trade-Register.html,Faron Pharmaceuticals,FARON.HE,2023-10-27 02:05:00+00:00,globenewswire_biotech,en,3.3450000286102295,3.4000000953674316,412.54998779296875,414.19000244140625,0.05500006675720215,1.6442471236705312,1.6400146484375,0.3975311348840746,1.2467159887864565,UP,45433.0,pre_market
15604,"Mydecine Innovations Group Files Prospectus Supplement, Announces Closing Under Share Subscription Agreements","VANCOUVER, British Columbia, Oct.  31, 2023  (GLOBE NEWSWIRE) -- Mydecine Innovations Group Inc. (“Mydecine” or the “Company”) (CSE:MYCO) (AQSE:MYIG) (OTC:MYCOF) (FSE:0NFA) a biotechnology company engineering the next wave of innovative medications and treatment protocols to directly address mental health with a particular emphasis on addiction and PTSD, is pleased to announce that, in connection with: (i) its previously announced Common Share Subscription Agreement (the “Opensky Subscription Agreement”) with OpenSky Opportunities Fund Ltd. (“Opensky”) dated 10 March 2023; and (ii) a Common Share Subscription Agreement dated 25 October 2023 (the “Standalone Subscription Agreement”, and collectively with the Opensky Subscription Agreement, the “Subscription Agreements”) between the Company and an arms-length investor (the “Standalone Investor” and collectively with Opensky, the “Investors”), the Company has filed a shelf prospectus supplement (the “Prospectus Supplement”) to the Company’s Final Short Form Base Shelf Prospectus for the province of Québec and Amended and Restated Final Short Form Base Shelf Prospectus for each of the provinces of Canada, dated 28 January 2022 (together, the “Shelf Prospectus”).",https://www.globenewswire.com/news-release/2023/10/31/2769817/0/en/Mydecine-Innovations-Group-Files-Prospectus-Supplement-Announces-Closing-Under-Share-Subscription-Agreements.html,Mydecine Innovations Group,MYCO.CN,2023-10-31 02:00:00+00:00,globenewswire_biotech,en,0.12999999523162842,0.11999999731779099,415.5899963378906,416.17999267578125,-0.009999997913837433,-7.692306369719372,0.589996337890625,0.1419659623883091,-7.834272332107681,DOWN,10529.0,pre_market
15679,Akoya Biosciences to Showcase New Spatial Biology 2.0 Solutions and Spatial Phenotyping Data at SITC 2023,Spatial Biology 2.0 solutions enable discovery and translational workflows at an unprecedented speed and scale,https://www.globenewswire.com/news-release/2023/10/31/2770244/0/en/Akoya-Biosciences-to-Showcase-New-Spatial-Biology-2-0-Solutions-and-Spatial-Phenotyping-Data-at-SITC-2023.html,Akoya Biosciences,AKYA,2023-10-31 09:00:00+00:00,globenewswire_biotech,en,3.4000000953674316,3.390000104904175,415.5899963378906,416.17999267578125,-0.009999990463256836,-0.2941173583166078,0.589996337890625,0.1419659623883091,-0.4360833207049169,DOWN,100700.0,pre_market
14697,"PolyPid to Report Third Quarter 2023 Financial Results and Operational Highlights on November 8, 2023","PETACH TIKVA, Israel, Nov.  01, 2023  (GLOBE NEWSWIRE) -- PolyPid Ltd. (Nasdaq: PYPD) (“PolyPid” or the “Company”), a late-stage biopharma company aiming to improve surgical outcomes, today announced that it will report its third quarter 2023 financial results and operational highlights before the open of the U.S. financial markets on Wednesday, November 8, 2023. The Company will host a conference call and webcast at 8:30 AM Eastern Time to discuss the results and provide an update on business operations.",https://www.globenewswire.com/news-release/2023/11/01/2770972/0/en/PolyPid-to-Report-Third-Quarter-2023-Financial-Results-and-Operational-Highlights-on-November-8-2023.html,PolyPid,PYPD,2023-11-01 07:00:00+00:00,globenewswire_biotech,en,4.139999866485596,4.139999866485596,418.20001220703125,419.20001220703125,0.0,0.0,1.0,0.23912003127942205,-0.23912003127942205,UP,0.0,pre_market
16482,"Inotiv, Inc. to Participate in Upcoming Investor Conferences","WEST LAFAYETTE, Ind., Nov.  01, 2023  (GLOBE NEWSWIRE) -- Inotiv, Inc. (Nasdaq: NOTV), a leading contract research organization specializing in nonclinical and analytical drug discovery and development services and research models and related products and services, today announced that Robert Leasure Jr., President and Chief Executive Officer, and Beth Taylor, Chief Financial Officer, will participate in multiple upcoming investor conferences throughout November 2023.",https://www.globenewswire.com/news-release/2023/11/01/2771067/0/en/Inotiv-Inc-to-Participate-in-Upcoming-Investor-Conferences.html,Inotiv,NOTV,2023-11-01 08:00:00+00:00,globenewswire_biotech,en,1.909999966621399,1.909999966621399,418.20001220703125,419.20001220703125,0.0,0.0,1.0,0.23912003127942205,-0.23912003127942205,UP,179000.0,pre_market
14582,Anaptys Announces Participation in November Investor Conferences,"SAN DIEGO, Nov.  01, 2023  (GLOBE NEWSWIRE) -- AnaptysBio, Inc. (Nasdaq: ANAB), a clinical-stage biotechnology company focused on delivering innovative immunology therapeutics, today announced that Daniel Faga, president and chief executive officer of Anaptys, and/or other members of its senior management team are scheduled to participate in multiple upcoming investor conferences in November:",https://www.globenewswire.com/news-release/2023/11/01/2771329/0/en/Anaptys-Announces-Participation-in-November-Investor-Conferences.html,AnaptysBio,ANAB,2023-11-01 09:15:00+00:00,globenewswire_biotech,en,16.309999465942383,16.139999389648438,418.20001220703125,419.20001220703125,-0.1700000762939453,-1.0423058360543165,1.0,0.23912003127942205,-1.2814258673337386,DOWN,159300.0,pre_market
15599,InspireMD Presents Positive 30-Day Follow-Up Results from the C-GUARDIANS U.S. Investigational Device Exemption (IDE) Clinical Trial at VIVA23,Data demonstrate a low major adverse event rate of 0.95% through 30 days post-procedure Data demonstrate a low major adverse event rate of 0.95% through 30 days post-procedure,https://www.globenewswire.com/news-release/2023/11/01/2771630/0/en/InspireMD-Presents-Positive-30-Day-Follow-Up-Results-from-the-C-GUARDIANS-U-S-Investigational-Device-Exemption-IDE-Clinical-Trial-at-VIVA23.html,InspireMD,NSPR,2023-11-01 14:19:00+00:00,globenewswire_biotech,en,3.390000104904175,3.7699999809265137,419.20001220703125,422.6600036621094,0.37999987602233887,11.209435523987404,3.459991455078125,0.8253796169665499,10.384055907020853,UP,65600.0,regular_market
15598,InspireMD to Participate in Upcoming November Investor Conferences,"TEL AVIV, Israel and MIAMI, Fla., Nov.  02, 2023  (GLOBE NEWSWIRE) -- InspireMD, Inc. (Nasdaq: NSPR), developer of the CGuard™ Embolic Prevention Stent System (EPS) for treatment of carotid artery disease and prevention of stroke, today announced that the Marvin Slosman, Chief Executive Officer, will participate in three upcoming investor conferences in November:",https://www.globenewswire.com/news-release/2023/11/02/2772201/0/en/InspireMD-to-Participate-in-Upcoming-November-Investor-Conferences.html,InspireMD,NSPR,2023-11-02 08:00:00+00:00,globenewswire_biotech,en,3.7699999809265137,3.2899999618530273,422.6600036621094,426.5799865722656,-0.48000001907348633,-12.732096061059442,3.91998291015625,0.9274553722121375,-13.659551433271579,DOWN,48900.0,pre_market
15678,Akoya to Participate at Three Upcoming Investor Conferences,"MARLBOROUGH, Mass., Nov.  02, 2023  (GLOBE NEWSWIRE) -- Akoya Biosciences, Inc. (Nasdaq: AKYA) (“Akoya”), The Spatial Biology Company®, today announced that Company management will be participating in three upcoming investor conferences.",https://www.globenewswire.com/news-release/2023/11/02/2772246/0/en/Akoya-to-Participate-at-Three-Upcoming-Investor-Conferences.html,Akoya Biosciences,AKYA,2023-11-02 08:00:00+00:00,globenewswire_biotech,en,3.4100000858306885,3.5,422.6600036621094,426.5799865722656,0.08999991416931152,2.639293604222512,3.91998291015625,0.9274553722121375,1.7118382320103744,UP,71600.0,pre_market
15871,Faron to Present Phase 1/2 Data From BEXMAB Study of Bexmarilimab in Combination with Standard of Care in Myeloid Malignancies at the 65th American Society of Hematology Annual Meeting,"TURKU, Finland and BOSTON, Nov.  02, 2023  (GLOBE NEWSWIRE) -- Faron Pharmaceuticals Ltd. (AIM: FARN, First North: FARON), a clinical-stage biopharmaceutical company focused on tackling cancers via novel immunotherapies, today announces that it will present Phase 1/2 data from its ongoing BEXMAB study of bexmarilimab in combination with standard of care (SoC) in relapsed/refractory (r/r) acute myeloid leukemia (AML) and myelodysplastic syndromes (MDS) patients having failed hypomethylating agents (HMAs), at the 65th American Society of Hematology (ASH) Annual Meeting.",https://www.globenewswire.com/news-release/2023/11/02/2772399/0/en/Faron-to-Present-Phase-1-2-Data-From-BEXMAB-Study-of-Bexmarilimab-in-Combination-with-Standard-of-Care-in-Myeloid-Malignancies-at-the-65th-American-Society-of-Hematology-Annual-Mee.html,Faron Pharmaceuticals,FARON.HE,2023-11-02 09:00:00+00:00,globenewswire_biotech,en,2.884999990463257,2.884999990463257,422.6600036621094,426.5799865722656,0.0,0.0,3.91998291015625,0.9274553722121375,-0.9274553722121375,UP,22858.0,pre_market
15178,Mineralys Therapeutics Presents New Post-Hoc Analysis from Target-HTN Phase 2 Trial of Lorundrostat in Late-Breaking Poster Session at ASN Kidney Week 2023 Meeting,– Analysis further supports obesity-associated dysregulated aldosterone as an endotype predictive of enhanced response to lorundrostat treatment in patients with uncontrolled or treatment-resistant hypertension –,https://www.globenewswire.com/news-release/2023/11/02/2772515/0/en/Mineralys-Therapeutics-Presents-New-Post-Hoc-Analysis-from-Target-HTN-Phase-2-Trial-of-Lorundrostat-in-Late-Breaking-Poster-Session-at-ASN-Kidney-Week-2023-Meeting.html,Mineralys Therapeutics,MLYS,2023-11-02 10:00:00+00:00,globenewswire_biotech,en,7.809999942779541,7.800000190734863,426.5799865722656,430.760009765625,-0.009999752044677734,-0.12803779920539757,4.180023193359375,0.9798920073460244,-1.107929806551422,DOWN,246100.0,regular_market
16383,Editas Medicine Announces Third Quarter 2023 Results and Business Updates,Company to provide a clinical update on the EDIT-301 RUBY trial for SCD and EdiTHAL trial for TDT in December at the American Society of Hematology (ASH) Annual Meeting and in a Company-sponsored webinar,https://www.globenewswire.com/news-release/2023/11/03/2773078/0/en/Editas-Medicine-Announces-Third-Quarter-2023-Results-and-Business-Updates.html,Editas Medicine,EDIT,2023-11-03 07:00:00+00:00,globenewswire_biotech,en,7.03000020980835,7.25,430.760009765625,433.1400146484375,0.2199997901916504,3.129442156839537,2.3800048828125,0.5525129605479051,2.5769291962916316,UP,4106700.0,pre_market
15997,Ovid Therapeutics Reports Third Quarter 2023 Financial Results and Corporate Updates,"NEW YORK, Nov.  03, 2023  (GLOBE NEWSWIRE) -- Ovid Therapeutics Inc. (NASDAQ: OVID), a biopharmaceutical company committed to developing medicines that transform the lives of people with rare epilepsies and seizure-related disorders, today reported business updates and financial results for the third quarter ended September 30, 2023.",https://www.globenewswire.com/news-release/2023/11/03/2773136/0/en/Ovid-Therapeutics-Reports-Third-Quarter-2023-Financial-Results-and-Corporate-Updates.html,Ovid Therapeutics,OVID,2023-11-03 08:00:00+00:00,globenewswire_biotech,en,3.5299999713897705,3.5899999141693115,430.760009765625,433.1400146484375,0.059999942779541016,1.6997151066808331,2.3800048828125,0.5525129605479051,1.147202146132928,UP,154900.0,pre_market
16675,"RAPT Therapeutics Announces Positive Data, Including Objective Response Rates and Progression-Free Survival, from its Phase 2 Trial of FLX475 in Combination with a Checkpoint Inhibitor in Patients with Advanced NSCLC",- Confirmed objective response rate (ORR) of 40% in PD-L1 positive (TPS ≥1%) patients with no prior checkpoint inhibitor therapy (CPI),https://www.globenewswire.com/news-release/2023/11/03/2773329/0/en/RAPT-Therapeutics-Announces-Positive-Data-Including-Objective-Response-Rates-and-Progression-Free-Survival-from-its-Phase-2-Trial-of-FLX475-in-Combination-with-a-Checkpoint-Inhibit.html,RAPT Therapeutics,RAPT,2023-11-03 12:00:00+00:00,globenewswire_biotech,en,115.91999816894531,124.0,433.1400146484375,434.69000244140625,8.080001831054688,6.970326051315709,1.54998779296875,0.35784913435596877,6.61247691695974,UP,119475.0,regular_market
15451,Adagene Presents Data Demonstrating the Best-in-Class Therapeutic Index for Masked Anti-CTLA-4 SAFEbody® ADG126 at SITC 2023,"- MSS CRC case examples reinforce optimal dosing regimen in ongoing phase 2 dose expansion, with a confirmed partial response at ADG126 10 mg/kg every three weeks plus pembrolizumab –",https://www.globenewswire.com/news-release/2023/11/03/2773331/0/en/Adagene-Presents-Data-Demonstrating-the-Best-in-Class-Therapeutic-Index-for-Masked-Anti-CTLA-4-SAFEbody-ADG126-at-SITC-2023.html,Adagene,ADAG,2023-11-03 12:00:00+00:00,globenewswire_biotech,en,1.3300000429153442,1.350000023841858,433.1400146484375,434.69000244140625,0.019999980926513672,1.5037579158775027,1.54998779296875,0.35784913435596877,1.145908781521534,UP,15800.0,regular_market
43510,"MDxHealth Announces the Approval by its Shareholders of the Proposed Transition to a Sole Listing of Shares on Nasdaq, and Details of the Share Consolidation","NEWS RELEASE – REGULATED INFORMATIONINSIDE INFORMATIONNOVEMBER 6, 2023, 1:00 AM ET / 7:00 CET",https://www.globenewswire.com/news-release/2023/11/06/2773704/0/en/MDxHealth-Announces-the-Approval-by-its-Shareholders-of-the-Proposed-Transition-to-a-Sole-Listing-of-Shares-on-Nasdaq-and-Details-of-the-Share-Consolidation.html,MDxHealth,MDXH,2023-11-06 01:00:00+00:00,globenewswire_biotech,en,2.990000009536743,2.9700000286102295,434.69000244140625,435.4700012207031,-0.019999980926513672,-0.6688956810275186,0.779998779296875,0.17943793851159814,-0.8483336195391168,DOWN,54700.0,pre_market
15870,Insider information: Faron Initiates Phase 2 Part of BEXMAB Study of Bexmarilimab in HMA-failed MDS,"Company announcement, Inside Information",https://www.globenewswire.com/news-release/2023/11/06/2773717/0/en/Insider-information-Faron-Initiates-Phase-2-Part-of-BEXMAB-Study-of-Bexmarilimab-in-HMA-failed-MDS.html,Faron Pharmaceuticals,FARON.HE,2023-11-06 02:00:00+00:00,globenewswire_biotech,en,2.924999952316284,2.930000066757202,434.69000244140625,435.4700012207031,0.005000114440917969,0.17094408623693882,0.779998779296875,0.17943793851159814,-0.00849385227465932,UP,29539.0,pre_market
16343,CRISPR Therapeutics Announces Preclinical Data at the American Heart Association (AHA) Scientific Sessions 2023,-CTX310™ led to durable reductions of angiopoietin-like 3 protein (ANGPTL3) and triglyceride levels in non-human primates (NHPs) after a single dose-,https://www.globenewswire.com/news-release/2023/11/06/2773808/0/en/CRISPR-Therapeutics-Announces-Preclinical-Data-at-the-American-Heart-Association-AHA-Scientific-Sessions-2023.html,CRISPR Therapeutics,CRSP,2023-11-06 05:01:00+00:00,globenewswire_biotech,en,50.9900016784668,53.20000076293945,434.69000244140625,435.4700012207031,2.2099990844726562,4.33418123499679,0.779998779296875,0.17943793851159814,4.154743296485192,UP,2819000.0,pre_market
15597,InspireMD Reports Third Quarter 2023 Financial Results and Provides  Business Update,- Presented positive 30-day follow-up results from the C-GUARDIANS U.S. Investigational Device Exemption (IDE) clinical trial demonstrating an overall major adverse events rate (DSMI) of 0.95% from procedure through 30 days at the Vascular InterVentional Advances Annual Meeting (VIVA23) –,https://www.globenewswire.com/news-release/2023/11/06/2773922/0/en/InspireMD-Reports-Third-Quarter-2023-Financial-Results-and-Provides-Business-Update.html,InspireMD,NSPR,2023-11-06 07:00:00+00:00,globenewswire_biotech,en,3.450000047683716,3.2300000190734863,434.69000244140625,435.4700012207031,-0.2200000286102295,-6.37681233534865,0.779998779296875,0.17943793851159814,-6.556250273860249,DOWN,13300.0,pre_market
65637,Revive Therapeutics Enters into Worldwide Exclusive Agreement with Lawson Health Research Institute to Develop and Commercialize a Novel Long COVID Rapid Test,Potential world-first patented biomarker for long COVID,https://www.globenewswire.com/news-release/2023/11/06/2774002/0/en/Revive-Therapeutics-Enters-into-Worldwide-Exclusive-Agreement-with-Lawson-Health-Research-Institute-to-Develop-and-Commercialize-a-Novel-Long-COVID-Rapid-Test.html,Revive Therapeutics,RVVTF,2023-11-06 07:45:00+00:00,globenewswire_biotech,en,0.02199999988079071,0.02199999988079071,434.69000244140625,435.4700012207031,0.0,0.0,0.779998779296875,0.17943793851159814,-0.17943793851159814,UP,217800.0,pre_market
14696,PolyPid Announces the Addition of Dr. Nurit Tweezer-Zaks to its Board of Directors,"Biopharmaceutical Industry Veteran Nurit Tweezer-Zaks, M.D., M.B.A. Appointed to Board Following Retirement of Anat Tsour Segal Biopharmaceutical Industry Veteran Nurit Tweezer-Zaks, M.D., M.B.A. Appointed to Board Following Retirement of Anat Tsour Segal",https://www.globenewswire.com/news-release/2023/11/07/2774914/0/en/PolyPid-Announces-the-Addition-of-Dr-Nurit-Tweezer-Zaks-to-its-Board-of-Directors.html,PolyPid,PYPD,2023-11-07 07:00:00+00:00,globenewswire_biotech,en,3.930000066757202,3.9649999141693115,435.69000244140625,435.69000244140625,0.034999847412109375,0.8905813439588344,0.0,0.0,0.8905813439588344,UP,1700.0,pre_market
14992,"ImmuCell to Announce Unaudited Financial Results for the Quarter Ended September 30, 2023","Conference Call Scheduled for Tuesday, November 14, 2023 at 9:00 AM ET Conference Call Scheduled for Tuesday, November 14, 2023 at 9:00 AM ET",https://www.globenewswire.com/news-release/2023/11/07/2775408/0/en/ImmuCell-to-Announce-Unaudited-Financial-Results-for-the-Quarter-Ended-September-30-2023.html,ImmuCell Corporation,ICCC,2023-11-07 12:15:00+00:00,globenewswire_biotech,en,5.159999847412109,5.440000057220459,435.69000244140625,436.92999267578125,0.2800002098083496,5.426360815665099,1.239990234375,0.28460378421048577,5.141757031454613,UP,13700.0,regular_market
14695,PolyPid Provides Corporate Update and Reports Third Quarter 2023 Financial Results,Total of 20 Centers Currently Open with Approximately 40 Expected by End of 2023 in SHIELD II Phase 3 Trial Evaluating D-PLEX100 for the Prevention of Abdominal Colorectal Surgical Site Infections,https://www.globenewswire.com/news-release/2023/11/08/2776036/0/en/PolyPid-Provides-Corporate-Update-and-Reports-Third-Quarter-2023-Financial-Results.html,PolyPid,PYPD,2023-11-08 07:00:00+00:00,globenewswire_biotech,en,4.239999771118164,3.859999895095825,436.92999267578125,437.54998779296875,-0.37999987602233887,-8.962261710738868,0.6199951171875,0.14189804489973754,-9.104159755638605,DOWN,500.0,pre_market
16481,Inotiv Ranked Number 127 Fastest-Growing Company in North America on the 2023 Deloitte Technology Fast 500™,"Attributes 1156% Revenue Growth to Adding Strategic Capacity, Key Integration Initiatives, Optimization of Infrastructure, and Right-Sizing its Global Footprint Attributes 1156% Revenue Growth to Adding Strategic Capacity, Key Integration Initiatives, Optimization of Infrastructure, and Right-Sizing its Global Footprint",https://www.globenewswire.com/news-release/2023/11/08/2776113/0/en/Inotiv-Ranked-Number-127-Fastest-Growing-Company-in-North-America-on-the-2023-Deloitte-Technology-Fast-500.html,Inotiv,NOTV,2023-11-08 07:30:00+00:00,globenewswire_biotech,en,1.7599999904632568,1.8700000047683716,436.92999267578125,437.54998779296875,0.11000001430511475,6.25000084665689,0.6199951171875,0.14189804489973754,6.108102801757153,UP,201100.0,pre_market
15571,PepGen Reports Third Quarter 2023 Financial Results and Recent Corporate Developments,- Continuing to open CONNECT1-EDO51 trial sites in Canada -,https://www.globenewswire.com/news-release/2023/11/08/2776169/0/en/PepGen-Reports-Third-Quarter-2023-Financial-Results-and-Recent-Corporate-Developments.html,PepGen,PEPG,2023-11-08 08:00:00+00:00,globenewswire_biotech,en,5.0,4.800000190734863,436.92999267578125,437.54998779296875,-0.19999980926513672,-3.9999961853027344,0.6199951171875,0.14189804489973754,-4.141894230202472,DOWN,37800.0,pre_market
15213,Biomerica Expands inFoods IBS Reach with Addition of Several New GI Groups,"IRVINE, Calif., Nov.  08, 2023  (GLOBE NEWSWIRE) -- Biomerica, Inc. (Nasdaq: BMRA), (the “Company”) a global provider of advanced medical products today announced that several new Gastrointestinal (GI) groups have signed up and begun using the Company's revolutionary inFoods® IBS Product. This expansion demonstrates growing recognition and adoption of the inFoods IBS test in the medical community, broadening Biomerica's influence in providing innovative solutions for Irritable Bowel Syndrome (IBS) while positioning the Company for product revenue growth over the coming quarters. These new groups join Gastro Health, a group with 390 GI physicians which was the Company's first large physician group customer. In addition, several additional Gastro Health office locations have started using the inFoods IBS therapy for their IBS patients.",https://www.globenewswire.com/news-release/2023/11/08/2776231/0/en/Biomerica-Expands-inFoods-IBS-Reach-with-Addition-of-Several-New-GI-Groups.html,Biomerica,BMRA,2023-11-08 08:19:00+00:00,globenewswire_biotech,en,6.800000190734863,7.28000020980835,436.92999267578125,437.54998779296875,0.48000001907348633,7.058823611909541,0.6199951171875,0.14189804489973754,6.9169255670098035,UP,7263.0,pre_market
16542,Entera Bio Reports Key Milestone Relating to Oral PTH (1-34) Peptide (EB613) Phase 3 Program: ASBMR-SABRE Has Submitted to FDA the Full Qualification Plan to Approve BMD as a Surrogate Endpoint for Osteoporosis,"JERUSALEM, Nov.  09, 2023  (GLOBE NEWSWIRE) -- Entera Bio Ltd. (NASDAQ: ENTX), (“Entera” or the “Company”) a leader in the development of orally delivered peptides and therapeutic proteins, reports today that the American Society for Bone and Mineral Research (ASBMR) has announced that the SABRE (Strategy to Advance BMD as a Regulatory Endpoint) project team has submitted to the U.S. Food and Drug Administration (FDA) its full qualification plan to use the treatment-related change in bone mineral density (BMD) as a surrogate endpoint for fractures in future trials of new anti-osteoporosis drugs.",https://www.globenewswire.com/news-release/2023/11/09/2777730/0/en/Entera-Bio-Reports-Key-Milestone-Relating-to-Oral-PTH-1-34-Peptide-EB613-Phase-3-Program-ASBMR-SABRE-Has-Submitted-to-FDA-the-Full-Qualification-Plan-to-Approve-BMD-as-a-Surrogate-.html,Entera Bio,ENTX,2023-11-09 14:30:00+00:00,globenewswire_biotech,en,0.6600000262260437,0.7300000190734863,438.42999267578125,433.8399963378906,0.06999999284744263,10.60605910089287,-4.589996337890625,-1.0469165920600976,11.652975692952968,UP,166700.0,regular_market
14487,Fortress Biotech Announces Pricing of $10.0 Million Public Offering,"MIAMI, Nov.  10, 2023  (GLOBE NEWSWIRE) -- Fortress Biotech, Inc. (Nasdaq: FBIO) (“Fortress” or “Company”), an innovative biopharmaceutical company focused on efficiently acquiring, developing and commercializing or monetizing promising therapeutic products and product candidates, today announced the pricing of its public offering of an aggregate of 5,885,000 units, at a public offering price of $1.70 per unit, consisting of (i) one share of common stock (or one pre-funded warrant in lieu thereof) and (ii) one warrant to purchase one share of common stock, immediately exercisable at a price of $1.70 per share and expiring five years from the date of issuance.",https://www.globenewswire.com/news-release/2023/11/10/2778298/28889/en/Fortress-Biotech-Announces-Pricing-of-10-0-Million-Public-Offering.html,Fortress Biotech,FBIO,2023-11-10 08:15:00+00:00,globenewswire_biotech,en,2.0799999237060547,1.350000023841858,433.8399963378906,435.9800109863281,-0.7299998998641968,-35.096150319251656,2.1400146484375,0.4932727887012929,-35.589423107952946,DOWN,1081100.0,pre_market
15212,Biomerica to Participate in 14th Annual Craig-Hallum Alpha Select Conference on November 16,"IRVINE, Calif., Nov.  10, 2023  (GLOBE NEWSWIRE) -- Biomerica, Inc. (Nasdaq: BMRA), (the “Company”) a global provider of advanced medical products today announced that it will participate in the 14th Annual Craig-Hallum Alpha Select Conference on November 16, 2023, at the Sheraton New York Times Square Hotel in New York City. Zackary Irani, Chief Executive Officer of Biomerica will be hosting meetings during the event, which consists of one-on-one and small group meetings.",https://www.globenewswire.com/news-release/2023/11/10/2778299/0/en/Biomerica-to-Participate-in-14th-Annual-Craig-Hallum-Alpha-Select-Conference-on-November-16.html,Biomerica,BMRA,2023-11-10 08:19:00+00:00,globenewswire_biotech,en,7.28000020980835,7.519999980926514,433.8399963378906,435.9800109863281,0.23999977111816406,3.2967000577117043,2.1400146484375,0.4932727887012929,2.8034272690104114,UP,1825.0,pre_market
16059,Akero Therapeutics Reports Third Quarter 2023 Financial Results and Provides Business Update,"-- Phase 3 SYNCHRONY studies actively screening and on track to begin enrolling by the end of 2023 -- SOUTH SAN FRANCISCO, Calif., Nov.  13, 2023  (GLOBE NEWSWIRE) -- Akero Therapeutics, Inc. (Nasdaq: AKRO), a clinical-stage company developing transformational treatments for patients with serious metabolic diseases marked by high unmet medical need, today reported third quarter financial results for the period ending September 30, 2023 and provided business updates.",https://www.globenewswire.com/news-release/2023/11/13/2778893/0/en/Akero-Therapeutics-Reports-Third-Quarter-2023-Financial-Results-and-Provides-Business-Update.html,Akero Therapeutics,AKRO,2023-11-13 07:00:00+00:00,globenewswire_biotech,en,14.079999923706055,14.140000343322754,433.8399963378906,439.2300109863281,0.06000041961669922,0.42613934617768284,5.3900146484375,1.242396896075842,-0.8162575498981592,UP,771700.0,pre_market
16674,RAPT Therapeutics Reports Third Quarter 2023 Financial Results,Company maintains strong cash position of $184.8 million Company maintains strong cash position of $184.8 million,https://www.globenewswire.com/news-release/2023/11/13/2779017/0/en/RAPT-Therapeutics-Reports-Third-Quarter-2023-Financial-Results.html,RAPT Therapeutics,RAPT,2023-11-13 08:00:00+00:00,globenewswire_biotech,en,91.76000213623047,93.91999816894531,433.8399963378906,439.2300109863281,2.1599960327148438,2.3539624917488884,5.3900146484375,1.242396896075842,1.1115655956730464,UP,53263.0,pre_market
16541,"Entera Bio Reports Q3 2023 Financial Results, Highlights Transformational Steps and Unveils Vision as Premier Oral Peptide Company with Five Potential Programs in Development","JERUSALEM, Nov.  14, 2023  (GLOBE NEWSWIRE) -- Entera Bio Ltd. (NASDAQ: ENTX), (“Entera” or the “Company”), a leader in the development of orally delivered peptides and small therapeutic proteins, today reported corporate updates and financial results for the third quarter ended September 30th, 2023.",https://www.globenewswire.com/news-release/2023/11/14/2779971/0/en/Entera-Bio-Reports-Q3-2023-Financial-Results-Highlights-Transformational-Steps-and-Unveils-Vision-as-Premier-Oral-Peptide-Company-with-Five-Potential-Programs-in-Development.html,Entera Bio,ENTX,2023-11-14 07:30:00+00:00,globenewswire_biotech,en,0.699999988079071,0.699999988079071,440.19000244140625,446.32000732421875,0.0,0.0,6.1300048828125,1.3925815781398774,-1.3925815781398774,UP,46700.0,pre_market
15730,MoonLake Immunotherapeutics Reports Third Quarter 2023 Financial Results and Provides a Business Update,MoonLake Immunotherapeutics Reports Third Quarter 2023 Financial Results and Provides a Business Update,https://www.globenewswire.com/news-release/2023/11/14/2780026/0/en/MoonLake-Immunotherapeutics-Reports-Third-Quarter-2023-Financial-Results-and-Provides-a-Business-Update.html,MoonLake Immunotherapeutics,MLTX,2023-11-14 08:00:00+00:00,globenewswire_biotech,en,36.66999816894531,37.0,440.19000244140625,446.32000732421875,0.3300018310546875,0.899923227523245,6.1300048828125,1.3925815781398774,-0.4926583506166323,UP,859600.0,pre_market
15570,"PepGen Announces Appointment of Howard Mayer, M.D. to Board of Directors","BOSTON, Nov.  15, 2023  (GLOBE NEWSWIRE) -- PepGen Inc. (Nasdaq: PEPG), a clinical-stage biotechnology company advancing the next generation of oligonucleotide therapies with the goal of transforming the treatment of severe neuromuscular and neurological diseases, today announced the appointment of Howard Mayer, M.D. to the PepGen Board of Directors, effective November 15, 2023.",https://www.globenewswire.com/news-release/2023/11/15/2780968/0/en/PepGen-Announces-Appointment-of-Howard-Mayer-M-D-to-Board-of-Directors.html,PepGen,PEPG,2023-11-15 08:00:00+00:00,globenewswire_biotech,en,4.300000190734863,4.159999847412109,448.7300109863281,450.1099853515625,-0.1400003433227539,-3.255821793320155,1.379974365234375,0.307528877375759,-3.563350670695914,DOWN,32900.0,pre_market
15538,Windtree Therapeutics Announces Issuance of New Pure SERCA2a Activator Patent,This class of SERCA2a Activators selectively activates SERCA2a and may lead to novel therapies for heart failure beyond the Company’s current lead program This class of SERCA2a Activators selectively activates SERCA2a and may lead to novel therapies for heart failure beyond the Company’s current lead program,https://www.globenewswire.com/news-release/2023/11/16/2781791/0/en/Windtree-Therapeutics-Announces-Issuance-of-New-Pure-SERCA2a-Activator-Patent.html,Windtree Therapeutics,WINT,2023-11-16 08:00:00+00:00,globenewswire_biotech,en,828.0,855.0,449.67999267578125,449.2200012207031,27.0,3.260869565217391,-0.459991455078125,-0.10229306675197762,3.363162631969369,UP,167.0,pre_market
15819,Rezolute to Participate in BTIG’s 3rd Annual Ophthalmology Day,"REDWOOD CITY, Calif., Nov.  17, 2023  (GLOBE NEWSWIRE) -- Rezolute, Inc. (Nasdaq: RZLT), a clinical-stage biopharmaceutical company committed to developing novel, transformative therapies for serious metabolic and rare diseases, today announced that the management team will participate in BTIG’s 3rd Annual Ophthalmology Day, taking place virtually on November 27th.",https://www.globenewswire.com/news-release/2023/11/17/2782535/0/en/Rezolute-to-Participate-in-BTIG-s-3rd-Annual-Ophthalmology-Day.html,Rezolute,RZLT,2023-11-17 08:00:00+00:00,globenewswire_biotech,en,0.8090000152587891,0.8009999990463257,450.2300109863281,450.239990234375,-0.008000016212463379,-0.9888771398730163,0.009979248046875,0.002216477756561198,-0.9910936176295775,DOWN,59100.0,pre_market
14649,"MediWound Announces Appointment of Shmulik Hess, Ph.D. as Chief Operating Officer and Chief Commercial Officer","YAVNE, Israel, Nov.  21, 2023  (GLOBE NEWSWIRE) -- MediWound Ltd. (Nasdaq: MDWD), a fully-integrated biopharmaceutical company focused on next-generation enzymatic therapeutics for tissue repair, today announced the appointment of Shmulik Hess, Ph.D. to the positions of Chief Operating Officer and Chief Commercial Officer effective as of December 1, 2023. Dr. Hess will lead and oversee all operational and commercial activities at MediWound.",https://www.globenewswire.com/news-release/2023/11/21/2783924/30505/en/MediWound-Announces-Appointment-of-Shmulik-Hess-Ph-D-as-Chief-Operating-Officer-and-Chief-Commercial-Officer.html,MediWound,MDWD,2023-11-21 07:00:00+00:00,globenewswire_biotech,en,8.5600004196167,8.510000228881836,454.260009765625,453.17999267578125,-0.05000019073486328,-0.5841143491100693,-1.08001708984375,-0.23775306358157824,-0.3463612855284911,DOWN,55000.0,pre_market
14648,MediWound Reports Third Quarter 2023 Financial Results and Provides Company Update,NexoBrid® commercially launched in U.S. and Japan; Company prioritizes operational resources to meet increased global demand,https://www.globenewswire.com/news-release/2023/11/21/2783933/30505/en/MediWound-Reports-Third-Quarter-2023-Financial-Results-and-Provides-Company-Update.html,MediWound,MDWD,2023-11-21 07:02:00+00:00,globenewswire_biotech,en,8.5600004196167,8.510000228881836,454.260009765625,453.17999267578125,-0.05000019073486328,-0.5841143491100693,-1.08001708984375,-0.23775306358157824,-0.3463612855284911,DOWN,55000.0,pre_market
15779,Revive Therapeutics Provides Update of Novel Bucillamine Formulation Development,"TORONTO, Nov.  21, 2023  (GLOBE NEWSWIRE) -- Revive Therapeutics Ltd. (“Revive” or the “Company”) (OTCQB: RVVTF) (CSE: RVV) (FRANKFURT:31R), a specialty life sciences company focused on the research and development of therapeutics for medical needs and rare disorders, provides an update on the development of a next generation lyophilized formulation of Bucillamine.",https://www.globenewswire.com/news-release/2023/11/21/2783948/0/en/Revive-Therapeutics-Provides-Update-of-Novel-Bucillamine-Formulation-Development.html,Revive Therapeutics,RVVTF,2023-11-21 07:30:00+00:00,globenewswire_biotech,en,0.024000000208616257,0.020999999716877937,454.260009765625,453.17999267578125,-0.0030000004917383194,-12.500001940255348,-1.08001708984375,-0.23775306358157824,-12.26224887667377,DOWN,108800.0,pre_market
16652,Celularity Inc. Announces Receipt of Nasdaq Notice Regarding Late Form 10-Q Filing,"FLORHAM PARK, N.J., Nov.  24, 2023  (GLOBE NEWSWIRE) -- Celularity Inc. (Nasdaq: CELU) (the “Company”), a biotechnology company developing allogeneic cell therapies and biomaterial products, announced today that on November 21, 2023, the Company received notification from the Listing Qualifications department of the Nasdaq Stock Market LLC (“Nasdaq”) stating that the Company is not in compliance with Nasdaq’s continued listing requirements of the Company’s failure to timely file a Form 10-Q for the third quarter of 2023.",https://www.globenewswire.com/news-release/2023/11/24/2785689/0/en/Celularity-Inc-Announces-Receipt-of-Nasdaq-Notice-Regarding-Late-Form-10-Q-Filing.html,Celularity,CELU,2023-11-24 13:15:00+00:00,globenewswire_biotech,en,2.0,2.140000104904175,455.07000732421875,455.29998779296875,0.1400001049041748,7.00000524520874,0.22998046875,0.05053738217165086,6.949467863037089,UP,7590.0,regular_market
16195,MDxHealth Announces Completion of Mandatory ADS Exchange and Commencement of Transition Period to Single Listing on Nasdaq,"NEWS RELEASE – REGULATED INFORMATIONNOVEMBER 27, 2023, 1:00 am ET / 7:00 am CET",https://www.globenewswire.com/news-release/2023/11/27/2785832/0/en/MDxHealth-Announces-Completion-of-Mandatory-ADS-Exchange-and-Commencement-of-Transition-Period-to-Single-Listing-on-Nasdaq.html,MDxHealth,MDXH,2023-11-27 01:00:00+00:00,globenewswire_biotech,en,3.259999990463257,0.3499999940395355,455.29998779296875,454.6499938964844,-2.9099999964237213,-89.26380383241046,-0.649993896484375,-0.14276167667721007,-89.12104215573325,DOWN,0.0,pre_market
16196,MDxHealth annonce la réalisation de l'échange obligatoire d'ADS et le début de la période de transition vers une cotation unique sur le Nasdaq,"COMMUNIQUÉ DE PRESSE - INFORMATION RÉGLEMENTÉE27 NOVEMBRE 2023, 1:00 EDT / 7:00 CET",https://www.globenewswire.com/news-release/2023/11/27/2785832/0/fr/MDxHealth-annonce-la-r%C3%A9alisation-de-l-%C3%A9change-obligatoire-d-ADS-et-le-d%C3%A9but-de-la-p%C3%A9riode-de-transition-vers-une-cotation-unique-sur-le-Nasdaq.html,MDxHealth,MDXH,2023-11-27 01:00:00+00:00,globenewswire_biotech,fr,3.259999990463257,0.3499999940395355,455.29998779296875,454.6499938964844,-2.9099999964237213,-89.26380383241046,-0.649993896484375,-0.14276167667721007,-89.12104215573325,DOWN,0.0,pre_market
15596,InspireMD Announces Strategic Agreement with Jacobs Institute to Execute Early Feasibility Study of CGuard EPS for the Treatment of Acute Stroke Patients with Tandem Lesions,Study to enroll 15 acute stroke patients across three U.S. sites Study to enroll 15 acute stroke patients across three U.S. sites,https://www.globenewswire.com/news-release/2023/11/27/2786025/0/en/InspireMD-Announces-Strategic-Agreement-with-Jacobs-Institute-to-Execute-Early-Feasibility-Study-of-CGuard-EPS-for-the-Treatment-of-Acute-Stroke-Patients-with-Tandem-Lesions.html,InspireMD,NSPR,2023-11-27 07:00:00+00:00,globenewswire_biotech,en,2.3399999141693115,2.4000000953674316,455.29998779296875,454.6499938964844,0.06000018119812012,2.56411040166298,-0.649993896484375,-0.14276167667721007,2.70687207834019,UP,26800.0,pre_market
15435,"Annovis Bio Announces Full Enrollment of Its Phase II/III Alzheimer’s Disease Trial, Exceeding Original Projections","BERWYN, Pa., Nov.  27, 2023  (GLOBE NEWSWIRE) -- Annovis Bio, Inc. (NYSE: ANVS), a clinical-stage drug platform company addressing neurodegenerative diseases such as Alzheimer’s (AD) and Parkinson’s disease (PD) and developing novel and transformative therapies, announced that AD phase II/III study of its lead compound buntanetap has exceeded full enrollment. ",https://www.globenewswire.com/news-release/2023/11/27/2786071/0/en/Annovis-Bio-Announces-Full-Enrollment-of-Its-Phase-II-III-Alzheimer-s-Disease-Trial-Exceeding-Original-Projections.html,Annovis Bio,ANVS,2023-11-27 07:30:00+00:00,globenewswire_biotech,en,6.5,6.800000190734863,455.29998779296875,454.6499938964844,0.3000001907348633,4.615387549767128,-0.649993896484375,-0.14276167667721007,4.758149226444338,UP,395700.0,pre_market
16673,RAPT Therapeutics Announces Publication of Phase 1a/1b Clinical Trial of Zelnecirnon (RPT193) to Treat Atopic Dermatitis in Allergy,"SOUTH SAN FRANCISCO, Calif., Nov.  27, 2023  (GLOBE NEWSWIRE) -- RAPT Therapeutics, Inc. (Nasdaq: RAPT), a clinical-stage, immunology-based biopharmaceutical company focused on discovering, developing and commercializing oral small molecule therapies for patients with significant unmet needs in inflammatory diseases and oncology, today announced that results from its previously disclosed Phase 1a/1b clinical trial of zelnecirnon (formerly RPT193) were published in Allergy. The Phase 1a portion of the trial was a standard single and multiple dose-escalation study in 72 healthy volunteers. The Phase 1b portion of the trial was a randomized, double-blind, placebo-controlled study examining zelnecirnon as monotherapy in 31 patients with moderate-to-severe atopic dermatitis (AD).",https://www.globenewswire.com/news-release/2023/11/27/2786122/0/en/RAPT-Therapeutics-Announces-Publication-of-Phase-1a-1b-Clinical-Trial-of-Zelnecirnon-RPT193-to-Treat-Atopic-Dermatitis-in-Allergy.html,RAPT Therapeutics,RAPT,2023-11-27 08:00:00+00:00,globenewswire_biotech,en,111.04000091552734,109.68000030517578,455.29998779296875,454.6499938964844,-1.3600006103515625,-1.2247844012412883,-0.649993896484375,-0.14276167667721007,-1.0820227245640783,DOWN,33725.0,pre_market
16643,"Candel Therapeutics Announces Restructuring to Prioritize Resources on Key Value Drivers for Expanded Development of CAN-3110, the enLIGHTEN™ Discovery Platform, and Key Clinical Readouts for CAN-2409","NEEDHAM, Mass., Nov.  28, 2023  (GLOBE NEWSWIRE) -- Candel Therapeutics, Inc. (Candel or the Company) (Nasdaq: CADL), a clinical stage biopharmaceutical company focused on developing multimodal biological immunotherapies to help patients fight cancer, today announced a strategic restructuring to focus on continuation and expansion of development of CAN-3110 as well as the enLIGHTEN™ Discovery Platform, while reducing the Company’s workforce and expenses associated with enabling commercial readiness of CAN-2409. The Company expects to present initial activity and biomarker data for repeated injections of CAN-3110 in recurrent high-grade glioma in the second half of 2024 and new data for the second drug candidate based on the enLIGHTEN™ Discovery Platform in Q3 2024. The Company plans to continue to collect clinical data for key readouts for CAN-2409 in non-small cell lung cancer (NSCLC), with topline overall survival data of the open label phase 2 clinical trial expected in Q2 2024; pancreatic cancer, with an update on overall survival based on an interim analysis of the randomized, open label clinical trial in Q2 2024; and prostate cancer, with topline data for both fully enrolled randomized, blinded, placebo-controlled phase 2 and phase 3 clinical trials in Q4 2024.",https://www.globenewswire.com/news-release/2023/11/28/2787049/0/en/Candel-Therapeutics-Announces-Restructuring-to-Prioritize-Resources-on-Key-Value-Drivers-for-Expanded-Development-of-CAN-3110-the-enLIGHTEN-Discovery-Platform-and-Key-Clinical-Read.html,Candel Therapeutics,CADL,2023-11-28 09:00:00+00:00,globenewswire_biotech,en,0.9800000190734863,1.0199999809265137,454.4800109863281,454.0799865722656,0.039999961853027344,4.081628681073312,-0.4000244140625,-0.08801804356463407,4.169646724637946,UP,14600.0,pre_market
16540,Interim Results from Ongoing Clinical Study Confirm EB613 Optimized Profile for Osteoporosis Treatment and Potential for Entera’s Next Generation Oral Peptide Platform,"JERUSALEM, Nov.  29, 2023  (GLOBE NEWSWIRE) -- Entera Bio Ltd. (NASDAQ: ENTX), (“Entera” or the “Company”) a leader in the development of orally delivered peptides and therapeutic proteins, reported today interim data from an ongoing Phase 1 study designed to assess and compare the pharmacokinetic (PK) and early pharmacodynamic (PD) profile of current and several next generation compositions of its oral peptide platform (NCT05965167).",https://www.globenewswire.com/news-release/2023/11/29/2787754/0/en/Interim-Results-from-Ongoing-Clinical-Study-Confirm-EB613-Optimized-Profile-for-Osteoporosis-Treatment-and-Potential-for-Entera-s-Next-Generation-Oral-Peptide-Platform.html,Entera Bio,ENTX,2023-11-29 08:30:00+00:00,globenewswire_biotech,en,0.7020000219345093,0.7200000286102295,454.92999267578125,457.1499938964844,0.018000006675720215,2.564103434942551,2.220001220703125,0.4879874390443349,2.076115995898216,UP,79700.0,pre_market
15434,Annovis Bio Appoints Andrew Walsh as Vice President Finance,"BERWYN, Pa., Dec.  01, 2023  (GLOBE NEWSWIRE) -- Annovis Bio, Inc. (NYSE: ANVS), a clinical-stage drug platform company developing novel therapies for neurodegenerative diseases such as Alzheimer’s (AD) and Parkinson’s disease (PD) today announced the appointment of Andrew Walsh as VP, Finance. ",https://www.globenewswire.com/news-release/2023/12/01/2789245/0/en/Annovis-Bio-Appoints-Andrew-Walsh-as-Vice-President-Finance.html,Annovis Bio,ANVS,2023-12-01 07:30:00+00:00,globenewswire_biotech,en,8.489999771118164,8.699999809265137,456.3999938964844,455.7699890136719,0.21000003814697266,2.4734987492151,-0.6300048828125,-0.13803788151570193,2.611536630730802,UP,244800.0,pre_market
15996,Ovid Therapeutics to Present Five Abstracts Supporting its Epilepsy Programs at the 77th American Epilepsy Society Annual Meeting (2023),"NEW YORK, Dec.  01, 2023  (GLOBE NEWSWIRE) -- Ovid Therapeutics Inc. (NASDAQ: OVID), a biopharmaceutical company developing medicines designed to conquer epilepsies and meaningfully improve the lives of people affected by brain disorders, today announced that five posters featuring data supporting its OV329 and OV350 programs for the potential treatment of epilepsies and treatment-resistant seizures will be presented at the 2023 American Epilepsy Society (AES) Annual Meeting in Orlando, Florida.",https://www.globenewswire.com/news-release/2023/12/01/2789250/0/en/Ovid-Therapeutics-to-Present-Five-Abstracts-Supporting-its-Epilepsy-Programs-at-the-77th-American-Epilepsy-Society-Annual-Meeting-2023.html,Ovid Therapeutics,OVID,2023-12-01 07:30:00+00:00,globenewswire_biotech,en,2.9749999046325684,2.930000066757202,456.3999938964844,455.7699890136719,-0.04499983787536621,-1.5125996409376012,-0.6300048828125,-0.13803788151570193,-1.3745617594218993,DOWN,106200.0,pre_market
16302,Philochem and Blue Earth Diagnostics Announce First Three Patients Imaged in Phase 1 Clinical Trial of 68Ga-OncoFAP (68Ga-OncoFAP-DOTAGA) for Diagnostic Imaging in Solid Tumors,Philochem (Philogen) and Blue Earth Diagnostic (Bracco) announce the three first patients in the Phase I trial have been imaged with 68Ga-OncoFAP,https://www.globenewswire.com/news-release/2023/12/04/2789729/0/en/Philochem-and-Blue-Earth-Diagnostics-Announce-First-Three-Patients-Imaged-in-Phase-1-Clinical-Trial-of-68Ga-OncoFAP-68Ga-OncoFAP-DOTAGA-for-Diagnostic-Imaging-in-Solid-Tumors.html,PharmaNutra,PHIL.MI,2023-12-04 03:00:00+00:00,globenewswire_biotech,en,18.25,18.25,459.1000061035156,455.6000061035156,0.0,0.0,-3.5,-0.7623611312283096,0.7623611312283096,UP,6438.0,pre_market
15835,Elicio Therapeutics to Present at the H.C. Wainwright 4th Annual Precision Oncology Virtual Conference,"BOSTON, Dec.  04, 2023  (GLOBE NEWSWIRE) -- Elicio Therapeutics, Inc. (Nasdaq: ELTX, “Elicio Therapeutics” or “Elicio”), a clinical-stage biotechnology company developing a pipeline of novel immunotherapies for the treatment of cancer, today announced that Robert Connelly, Chief Executive Officer, will present at the upcoming H.C. Wainwright 4th Annual Precision Oncology Virtual Conference on December 6, 2023 at 10:30 AM ET.",https://www.globenewswire.com/news-release/2023/12/04/2789966/0/en/Elicio-Therapeutics-to-Present-at-the-H-C-Wainwright-4th-Annual-Precision-Oncology-Virtual-Conference.html,Elicio Therapeutics,ELTX,2023-12-04 08:00:00+00:00,globenewswire_biotech,en,5.889999866485596,6.110000133514404,459.1000061035156,455.6000061035156,0.2200002670288086,3.735148930658242,-3.5,-0.7623611312283096,4.497510061886552,UP,53200.0,pre_market
15236,Kronos Bio Announces Participation in H.C. Wainwright 4th Annual Precision Oncology Virtual Conference,"SAN MATEO, Calif. and CAMBRIDGE, Mass., Dec.  04, 2023  (GLOBE NEWSWIRE) -- Kronos Bio, Inc. (Nasdaq: KRON), a company dedicated to transforming the lives of those affected by cancer, today announced that Jorge DiMartino M.D., Ph.D., chief medical officer and executive vice president of clinical development, and Charles Lin, Ph.D., senior vice president of TRN mapping will participate in a fireside chat at the H.C. Wainwright 4th Annual Precision Oncology Virtual Conference on Wednesday, December 6, 2023 at 11:00 a.m. ET.",https://www.globenewswire.com/news-release/2023/12/04/2789938/0/en/Kronos-Bio-Announces-Participation-in-H-C-Wainwright-4th-Annual-Precision-Oncology-Virtual-Conference.html,Kronos Bio,KRON,2023-12-04 08:00:00+00:00,globenewswire_biotech,en,1.2000000476837158,1.1799999475479126,459.1000061035156,455.6000061035156,-0.020000100135803223,-1.666674945089223,-3.5,-0.7623611312283096,-0.9043138138609135,DOWN,56739.0,pre_market
16301,"Philogen S.p.A. announces receipt of the Good Manufacturing Practice Certificate for its new Production facility in Rosia (Siena, Italy) by Competent Authorities",Philogen new production facility in Rosia has received the GMP certificate by Competent Authorities,https://www.globenewswire.com/news-release/2023/12/05/2790613/0/en/Philogen-S-p-A-announces-receipt-of-the-Good-Manufacturing-Practice-Certificate-for-its-new-Production-facility-in-Rosia-Siena-Italy-by-Competent-Authorities.html,PharmaNutra,PHIL.MI,2023-12-05 02:30:00+00:00,globenewswire_biotech,en,18.100000381469727,17.600000381469727,456.69000244140625,455.260009765625,-0.5,-2.7624308810064226,-1.42999267578125,-0.3131210817264867,-2.449309799279936,DOWN,24031.0,pre_market
15433,Annovis Bio Announces Last Patient Last Visit in the Phase III Study of Buntanetap in Parkinson’s Disease,"BERWYN, Pa., Dec.  05, 2023  (GLOBE NEWSWIRE) -- Annovis Bio, Inc. (NYSE: ANVS), a clinical-stage drug platform company developing novel therapies for neurodegenerative diseases today announced last patient last visit in the phase III study of its lead candidate buntanetap in patients with early Parkinson’s disease (PD). Topline data results are expected in January 2024.",https://www.globenewswire.com/news-release/2023/12/05/2790799/0/en/Annovis-Bio-Announces-Last-Patient-Last-Visit-in-the-Phase-III-Study-of-Buntanetap-in-Parkinson-s-Disease.html,Annovis Bio,ANVS,2023-12-05 07:30:00+00:00,globenewswire_biotech,en,9.850000381469727,10.0,456.69000244140625,455.260009765625,0.14999961853027344,1.522838707828475,-1.42999267578125,-0.3131210817264867,1.8359597895549618,UP,477300.0,pre_market
16699,Checkpoint Therapeutics Strengthens Intellectual Property Protection for Cosibelimab with New U.S. Patent Issuance,"Upcoming PDUFA goal date of January 3, 2024",https://www.globenewswire.com/news-release/2023/12/05/2790924/36989/en/Checkpoint-Therapeutics-Strengthens-Intellectual-Property-Protection-for-Cosibelimab-with-New-U-S-Patent-Issuance.html,Checkpoint Therapeutics,CKPT,2023-12-05 08:30:00+00:00,globenewswire_biotech,en,2.890000104904175,2.880000114440918,456.69000244140625,455.260009765625,-0.009999990463256836,-0.3460204186943589,-1.42999267578125,-0.3131210817264867,-0.03289933696787217,DOWN,774552.0,pre_market
14484,"Cyprium Therapeutics, a Fortress Biotech Subsidiary Company, Completes Asset Transfer of CUTX-101 Copper Histidinate Product Candidate for Treatment of Menkes Disease, to Sentynl Therapeutics, a Wholly-owned Subsidiary of Zydus Lifesciences Ltd.",Cyprium received $4.5 million payment upon closing and remains eligible to receive royalties and up to $129 million in aggregate development and sales milestones,https://www.globenewswire.com/news-release/2023/12/06/2791767/28889/en/Cyprium-Therapeutics-a-Fortress-Biotech-Subsidiary-Company-Completes-Asset-Transfer-of-CUTX-101-Copper-Histidinate-Product-Candidate-for-Treatment-of-Menkes-Disease-to-Sentynl-Ther.html,Fortress Biotech,FBIO,2023-12-06 08:30:00+00:00,globenewswire_biotech,en,2.6700000762939453,2.690000057220459,456.6000061035156,458.80999755859375,0.019999980926513672,0.7490629346450939,2.209991455078125,0.48401038667027496,0.2650525479748189,UP,437000.0,pre_market
15868,Inside information: Faron Presents Phase 1 Data from BEXMAB in Myeloid Malignancies Trial at the 65th American Society of Hematology (ASH) Annual Meeting, ,https://www.globenewswire.com/news-release/2023/12/11/2793556/0/en/Inside-information-Faron-Presents-Phase-1-Data-from-BEXMAB-in-Myeloid-Malignancies-Trial-at-the-65th-American-Society-of-Hematology-ASH-Annual-Meeting.html,Faron Pharmaceuticals,FARON.HE,2023-12-11 02:00:00+00:00,globenewswire_biotech,en,3.934999942779541,4.099999904632568,460.20001220703125,459.69000244140625,0.16499996185302734,4.193137592181954,-0.510009765625,-0.11082350110750555,4.30396109328946,UP,259270.0,pre_market
16382,"Editas Medicine Announces New EDIT-301 Safety and Efficacy Data in 17 Patients, Presented Today at the American Society of Hematology (ASH) Annual Meeting and in a Company-sponsored Webinar",All RUBY patients with ≥5 months follow-up have achieved a normal hemoglobin level and a fetal hemoglobin level of >40%,https://www.globenewswire.com/news-release/2023/12/11/2794110/0/en/Editas-Medicine-Announces-New-EDIT-301-Safety-and-Efficacy-Data-in-17-Patients-Presented-Today-at-the-American-Society-of-Hematology-ASH-Annual-Meeting-and-in-a-Company-sponsored-W.html,Editas Medicine,EDIT,2023-12-11 12:00:00+00:00,globenewswire_biotech,en,10.449999809265137,9.90999984741211,459.69000244140625,461.989990234375,-0.5399999618530273,-5.167463844107009,2.29998779296875,0.5003345256049841,-5.667798369711993,DOWN,2284000.0,regular_market
15432,Annovis Bio to Participate in the 139th Yale CEO Summit,"BERWYN, Pa., Dec.  11, 2023  (GLOBE NEWSWIRE) -- Annovis Bio, Inc. (NYSE: ANVS), a clinical-stage drug platform company developing novel therapies for neurodegenerative diseases such as Alzheimer’s (AD) and Parkinson’s disease (PD) today announced its Founder, President and CEO was selected to participate in the 139th Yale CEO Summit in New York on December 11-12, 2023. ",https://www.globenewswire.com/news-release/2023/12/11/2794161/0/en/Annovis-Bio-to-Participate-in-the-139th-Yale-CEO-Summit.html,Annovis Bio,ANVS,2023-12-11 13:00:00+00:00,globenewswire_biotech,en,10.279999732971191,9.380000114440918,459.69000244140625,461.989990234375,-0.8999996185302734,-8.75486032984701,2.29998779296875,0.5003345256049841,-9.255194855451993,DOWN,379100.0,regular_market
16642,Candel Therapeutics Receives FDA Fast Track Designation for CAN-2409 in Pancreatic Cancer,"NEEDHAM, Mass., Dec.  12, 2023  (GLOBE NEWSWIRE) -- Candel Therapeutics, Inc. (Candel or the Company) (Nasdaq: CADL), a clinical stage biopharmaceutical company focused on developing multimodal biological immunotherapies to help patients fight cancer, today announced that the U.S. Food and Drug Administration (FDA) granted Fast Track Designation for its lead investigational adenovirus asset CAN-2409 plus prodrug (valacyclovir) for the treatment of patients with pancreatic ductal adenocarcinoma (PDAC) to improve overall survival.",https://www.globenewswire.com/news-release/2023/12/12/2794671/0/en/Candel-Therapeutics-Receives-FDA-Fast-Track-Designation-for-CAN-2409-in-Pancreatic-Cancer.html,Candel Therapeutics,CADL,2023-12-12 08:00:00+00:00,globenewswire_biotech,en,0.8690000176429749,1.350000023841858,461.989990234375,461.6300048828125,0.48100000619888306,55.35097772535374,-0.3599853515625,-0.07792059550465014,55.42889832085839,UP,29033200.0,pre_market
16299,Humacyte Submits Biologics License Application (BLA) to U.S. FDA Seeking Approval of Human Acellular Vessel™ (HAV™) for the Treatment of Vascular Trauma,– BLA supported by results from Phase 2/3 clinical trial and outcomes of real-world use of the HAV under a humanitarian aid program to treat wartime trauma injuries in Ukraine –,https://www.globenewswire.com/news-release/2023/12/12/2794704/0/en/Humacyte-Submits-Biologics-License-Application-BLA-to-U-S-FDA-Seeking-Approval-of-Human-Acellular-Vessel-HAV-for-the-Treatment-of-Vascular-Trauma.html,Humacyte,HUMA,2023-12-12 08:00:00+00:00,globenewswire_biotech,en,2.740000009536743,2.75,461.989990234375,461.6300048828125,0.009999990463256836,0.3649631543230379,-0.3599853515625,-0.07792059550465014,0.442883749827688,UP,427200.0,pre_market
15358,Immuneering Announces FDA Clearance of IND Application for Phase 1/2a Trial of IMM-6-415 to Treat Advanced Solid Tumors with RAF or RAS Mutations,Immuneering Announces FDA Clearance of IND Application for Phase 1/2a Trial of IMM-6-415 to Treat Advanced Solid Tumors with RAF or RAS Mutations,https://www.globenewswire.com/news-release/2023/12/12/2794706/0/en/Immuneering-Announces-FDA-Clearance-of-IND-Application-for-Phase-1-2a-Trial-of-IMM-6-415-to-Treat-Advanced-Solid-Tumors-with-RAF-or-RAS-Mutations.html,Immuneering,IMRX,2023-12-12 08:00:00+00:00,globenewswire_biotech,en,7.03000020980835,7.429999828338623,461.989990234375,461.6300048828125,0.39999961853027344,5.68989483061734,-0.3599853515625,-0.07792059550465014,5.76781542612199,UP,60400.0,pre_market
16099,"CENTOGENE’s Frontotemporal Dementia (FTD) Genetic Study, EFRONT, Reaches Initial Patient Enrollment Milestone","CAMBRIDGE, Mass. and ROSTOCK, Germany, and BERLIN, Dec.  13, 2023  (GLOBE NEWSWIRE) -- Centogene N.V. (Nasdaq: CNTG), the essential life science partner for data-driven answers in rare and neurodegenerative diseases, today announced the Company reached its initial recruitment and genetic testing milestone in the observational EFRONT Study, being conducted to advance the genetic understanding of frontotemporal dementia (FTD).",https://www.globenewswire.com/news-release/2023/12/13/2795390/0/en/CENTOGENE-s-Frontotemporal-Dementia-FTD-Genetic-Study-EFRONT-Reaches-Initial-Patient-Enrollment-Milestone.html,Centogene,CNTG,2023-12-13 06:30:00+00:00,globenewswire_biotech,en,1.2699999809265137,1.2100000381469727,464.1000061035156,464.489990234375,-0.059999942779541016,-4.7244050142243905,0.389984130859375,0.08403019300378776,-4.808435207228178,DOWN,126250.0,pre_market
15818,Rezolute Completes Enrollment of its Phase 2 Study in Diabetic Macular Edema (“DME”),Plans to report topline data mid-second quarter 2024 Plans to report topline data mid-second quarter 2024,https://www.globenewswire.com/news-release/2023/12/13/2795495/0/en/Rezolute-Completes-Enrollment-of-its-Phase-2-Study-in-Diabetic-Macular-Edema-DME.html,Rezolute,RZLT,2023-12-13 08:00:00+00:00,globenewswire_biotech,en,0.8399999737739563,0.8999999761581421,464.1000061035156,464.489990234375,0.06000000238418579,7.142857649699376,0.389984130859375,0.08403019300378776,7.058827456695589,UP,832900.0,pre_market
16381,Editas Medicine and Vertex Pharmaceuticals Enter into Non-exclusive License Agreement for Cas9,Vertex Pharmaceuticals to obtain a non-exclusive license for Cas9 for CASGEVY™ (exagamglogene autotemcel),https://www.globenewswire.com/news-release/2023/12/13/2795602/0/en/Editas-Medicine-and-Vertex-Pharmaceuticals-Enter-into-Non-exclusive-License-Agreement-for-Cas9.html,Editas Medicine,EDIT,2023-12-13 09:00:00+00:00,globenewswire_biotech,en,9.84000015258789,10.380000114440918,464.1000061035156,464.489990234375,0.5399999618530273,5.487804405277464,0.389984130859375,0.08403019300378776,5.403774212273676,UP,4040500.0,pre_market
15817,Rezolute Initiates Phase 3 Clinical Study for RZ358 in Congenital Hyperinsulinism,Company anticipates completing enrollment by the end of 2024 and reporting topline results in mid-year 2025 Company anticipates completing enrollment by the end of 2024 and reporting topline results in mid-year 2025,https://www.globenewswire.com/news-release/2023/12/14/2796213/0/en/Rezolute-Initiates-Phase-3-Clinical-Study-for-RZ358-in-Congenital-Hyperinsulinism.html,Rezolute,RZLT,2023-12-14 08:00:00+00:00,globenewswire_biotech,en,0.9100000262260437,0.9399999976158142,470.5,472.5,0.029999971389770508,3.2967000577117043,2.0,0.4250797024442083,2.871620355267496,UP,90100.0,pre_market
16193,MDxHealth Announces Completion of Transition to Single Listing on Nasdaq,"NEWS RELEASE – REGULATED INFORMATIONDECEMBER 18, 2023, 1:00 AM ET / 07:00 AM CET",https://www.globenewswire.com/news-release/2023/12/18/2797458/0/en/MDxHealth-Announces-Completion-of-Transition-to-Single-Listing-on-Nasdaq.html,MDxHealth,MDXH,2023-12-18 01:00:00+00:00,globenewswire_biotech,en,3.259999990463257,3.2100000381469727,469.3299865722656,470.9800109863281,-0.04999995231628418,-1.5337408730844513,1.6500244140625,0.35157020886591817,-1.8853110819503693,DOWN,43500.0,pre_market
16194,MDxHealth annonce la réalisation de sa transition vers une cotation unique sur le Nasdaq,"COMMUNIQUÉ DE PRESSE - INFORMATION RÉGLEMENTÉE18 DECEMBRE 2023, 01:00 ET / 07:00 CET",https://www.globenewswire.com/news-release/2023/12/18/2797458/0/fr/MDxHealth-annonce-la-r%C3%A9alisation-de-sa-transition-vers-une-cotation-unique-sur-le-Nasdaq.html,MDxHealth,MDXH,2023-12-18 01:00:00+00:00,globenewswire_biotech,fr,3.259999990463257,3.2100000381469727,469.3299865722656,470.9800109863281,-0.04999995231628418,-1.5337408730844513,1.6500244140625,0.35157020886591817,-1.8853110819503693,DOWN,43500.0,pre_market
15602,Mydecine Innovations Group Receives Notice of Allowance from USPTO for its MYCO-005 Compound,MYCO announces it has received the issuance of a Notice of Allowance by the United States Patent and Trademark Office for MYCO-005 compound,https://www.globenewswire.com/news-release/2023/12/18/2797495/0/en/Mydecine-Innovations-Group-Receives-Notice-of-Allowance-from-USPTO-for-its-MYCO-005-Compound.html,Mydecine Innovations Group,MYCO.CN,2023-12-18 02:00:00+00:00,globenewswire_biotech,en,0.10499999672174454,0.10999999940395355,469.3299865722656,470.9800109863281,0.005000002682209015,4.761907465063339,1.6500244140625,0.35157020886591817,4.410337256197421,UP,6616298.0,pre_market
15778,Revive Therapeutics Collaborates with Attwill Medical Solutions for the Clinical and Commercial Development of a Novel Lyophilized Formulation of Bucillamine,"TORONTO, Dec.  18, 2023  (GLOBE NEWSWIRE) -- Revive Therapeutics Ltd. (“Revive” or the “Company”) (OTCQB: RVVTF) (CSE: RVV) (FRANKFURT:31R), a specialty life sciences company focused on the research and development of therapeutics for medical needs and rare disorders, is pleased to announce that it has signed a collaboration agreement with Attwill Medical Solutions LP (“AMS”) for the clinical and commercial development of the Company’s next-generation lyophilized formulation of Bucillamine.",https://www.globenewswire.com/news-release/2023/12/18/2797682/0/en/Revive-Therapeutics-Collaborates-with-Attwill-Medical-Solutions-for-the-Clinical-and-Commercial-Development-of-a-Novel-Lyophilized-Formulation-of-Bucillamine.html,Revive Therapeutics,RVVTF,2023-12-18 07:00:00+00:00,globenewswire_biotech,en,0.02500000037252903,0.02500000037252903,469.3299865722656,470.9800109863281,0.0,0.0,1.6500244140625,0.35157020886591817,-0.35157020886591817,UP,254400.0,pre_market
16058,Akero Therapeutics Announces First Patients Dosed in Efruxifermin Phase 3 SYNCHRONY Program,Week 96 Phase 2b HARMONY Results for Treatment of Patients with Pre-Cirrhotic NASH/MASH (F2-F3) to be Reported in March 2024,https://www.globenewswire.com/news-release/2023/12/18/2797681/0/en/Akero-Therapeutics-Announces-First-Patients-Dosed-in-Efruxifermin-Phase-3-SYNCHRONY-Program.html,Akero Therapeutics,AKRO,2023-12-18 07:00:00+00:00,globenewswire_biotech,en,22.90999984741211,22.709999084472656,469.3299865722656,470.9800109863281,-0.20000076293945312,-0.8729845668770051,1.6500244140625,0.35157020886591817,-1.2245547757429232,DOWN,1161500.0,pre_market
16698,U.S. Food and Drug Administration Issues Complete Response Letter for Cosibelimab Solely Due to Inspection Findings at Third-Party Manufacturer,"FDA did not state any concerns about the clinical data package, safety, or labeling for the approvability of cosibelimab FDA did not state any concerns about the clinical data package, safety, or labeling for the approvability of cosibelimab",https://www.globenewswire.com/news-release/2023/12/18/2797694/36989/en/U-S-Food-and-Drug-Administration-Issues-Complete-Response-Letter-for-Cosibelimab-Solely-Due-to-Inspection-Findings-at-Third-Party-Manufacturer.html,Checkpoint Therapeutics,CKPT,2023-12-18 07:00:00+00:00,globenewswire_biotech,en,3.319999933242798,1.5399999618530273,469.3299865722656,470.9800109863281,-1.7799999713897705,-53.614458047629,1.6500244140625,0.35157020886591817,-53.966028256494916,DOWN,7885664.0,pre_market
15211,Biomerica Received US FDA 510(k) Clearance for Their Hp Detect™ ELISA Test Product Designed to Detect the Presence of the H. pylori Bacteria That infects Approximately 35% of the U.S. Population,"IRVINE, Calif., Dec.  18, 2023  (GLOBE NEWSWIRE) -- Biomerica, Inc. (Nasdaq: BMRA), (the “Company”) a global provider of advanced medical diagnostic products, today announced it has received U.S. Food and Drug Administration (FDA) 510(k) clearance for its Hp Detect™ Stool Antigen ELISA test (K232892), a new product that is designed to detect the presence of the H. pylori bacteria, which infects approximately 35% of the U.S. population. H. pylori infection is a disease which affects half the population of the world.",https://www.globenewswire.com/news-release/2023/12/18/2797746/0/en/Biomerica-Received-US-FDA-510-k-Clearance-for-Their-Hp-Detect-ELISA-Test-Product-Designed-to-Detect-the-Presence-of-the-H-pylori-Bacteria-That-infects-Approximately-35-of-the-U-S-P.html,Biomerica,BMRA,2023-12-18 07:47:00+00:00,globenewswire_biotech,en,7.920000076293945,12.079999923706055,469.3299865722656,470.9800109863281,4.159999847412109,52.525250092658126,1.6500244140625,0.35157020886591817,52.17367988379221,UP,8399513.0,pre_market
15537,Windtree Therapeutics Announces the Start of Patient Dosing In Phase 2 SEISMiC Extension Study of Istaroxime in Early Cardiogenic Shock,SEISMiC Extension Study results are anticipated in mid-2024 and expected to provide dose optimization for Phase 3,https://www.globenewswire.com/news-release/2023/12/18/2797777/0/en/Windtree-Therapeutics-Announces-the-Start-of-Patient-Dosing-In-Phase-2-SEISMiC-Extension-Study-of-Istaroxime-in-Early-Cardiogenic-Shock.html,Windtree Therapeutics,WINT,2023-12-18 08:00:00+00:00,globenewswire_biotech,en,657.0,675.0,469.3299865722656,470.9800109863281,18.0,2.73972602739726,1.6500244140625,0.35157020886591817,2.388155818531342,UP,89.0,pre_market
15569,PepGen Announces First Patient Dosed in Phase 1 FREEDOM-DM1 Clinical Trial of PGN-EDODM1 for Myotonic Dystrophy Type 1 (DM1),"- Safety, transcript splicing correction and clinical outcome measures data at 5 mg/kg PGN-EDODM1 dose level in patients from FREEDOM-DM1 clinical trial expected in 2024 -",https://www.globenewswire.com/news-release/2023/12/18/2797798/0/en/PepGen-Announces-First-Patient-Dosed-in-Phase-1-FREEDOM-DM1-Clinical-Trial-of-PGN-EDODM1-for-Myotonic-Dystrophy-Type-1-DM1.html,PepGen,PEPG,2023-12-18 08:00:00+00:00,globenewswire_biotech,en,6.630000114440918,6.619999885559082,469.3299865722656,470.9800109863281,-0.010000228881835938,-0.15083301220544879,1.6500244140625,0.35157020886591817,-0.5024032210713669,DOWN,96100.0,pre_market
16239,"Immix Biopharma Announces Dr. Marko Radic, Autoimmune CAR-T Pioneer and Associate Professor at the University of Tennessee Health Science Center, Joins Scientific Advisory Board", ,https://www.globenewswire.com/news-release/2023/12/18/2797934/0/en/Immix-Biopharma-Announces-Dr-Marko-Radic-Autoimmune-CAR-T-Pioneer-and-Associate-Professor-at-the-University-of-Tennessee-Health-Science-Center-Joins-Scientific-Advisory-Board.html,Immix Biopharma,IMMX,2023-12-18 09:39:00+00:00,globenewswire_biotech,en,7.389999866485596,6.619999885559082,470.9800109863281,471.9700012207031,-0.7699999809265137,-10.419485721759512,0.989990234375,0.2101979301205923,-10.629683651880105,DOWN,893200.0,regular_market
16098,CENTOGENE Announces Voting Results of Extraordinary General Meeting,"CAMBRIDGE, Mass. and ROSTOCK, Germany and BERLIN, Dec.  19, 2023  (GLOBE NEWSWIRE) -- Centogene N.V. (Nasdaq: CNTG), the essential life science partner for data-driven answers in rare and neurodegenerative diseases, today announced the voting results of the Company’s Extraordinary General Meeting. All voting items on the agenda, which included the adoption of Dutch statutory annual accounts for the financial year ended December 31, 2022, were passed by the requisite majority.",https://www.globenewswire.com/news-release/2023/12/19/2798385/0/en/CENTOGENE-Announces-Voting-Results-of-Extraordinary-General-Meeting.html,Centogene,CNTG,2023-12-19 06:30:00+00:00,globenewswire_biotech,en,1.159999966621399,1.1399999856948853,471.9700012207031,472.5299987792969,-0.019999980926513672,-1.72413633637985,0.55999755859375,0.11865109162560596,-1.8427874280054561,DOWN,2883.0,pre_market
15595,InspireMD Announces Issuance of Key U.S. Patent Covering Its SwitchGuard™ Neuroprotection System,Reflects continued focus on adding intellectual property to support the strategic direction of the Company to provide a complete solution set for the treatment of carotid artery disease and the prevention of stroke Reflects continued focus on adding intellectual property to support the strategic direction of the Company to provide a complete solution set for the treatment of carotid artery disease and the prevention of stroke,https://www.globenewswire.com/news-release/2023/12/20/2799146/0/en/InspireMD-Announces-Issuance-of-Key-U-S-Patent-Covering-Its-SwitchGuard-Neuroprotection-System.html,InspireMD,NSPR,2023-12-20 07:00:00+00:00,globenewswire_biotech,en,2.180000066757202,2.2200000286102295,474.8399963378906,473.9599914550781,0.039999961853027344,1.8348605792718238,-0.8800048828125,-0.1853266130905912,2.020187192362415,UP,33400.0,pre_market
15676,Akoya to Participate at 42nd Annual J.P. Morgan Healthcare Conference,"MARLBOROUGH, Mass., Dec.  20, 2023  (GLOBE NEWSWIRE) -- Akoya Biosciences, Inc. (Nasdaq: AKYA) (“Akoya”), The Spatial Biology Company®, today announced that it will be participating in the 42nd Annual J.P. Morgan Healthcare Conference.",https://www.globenewswire.com/news-release/2023/12/20/2799236/0/en/Akoya-to-Participate-at-42nd-Annual-J-P-Morgan-Healthcare-Conference.html,Akoya Biosciences,AKYA,2023-12-20 08:05:00+00:00,globenewswire_biotech,en,4.690000057220459,4.670000076293945,474.8399963378906,473.9599914550781,-0.019999980926513672,-0.426438820522461,-0.8800048828125,-0.1853266130905912,-0.2411122074318698,DOWN,219800.0,pre_market
15777,Revive Therapeutics Announces Results of Annual General and Special Meeting of Shareholders,"TORONTO, Dec.  20, 2023  (GLOBE NEWSWIRE) -- Revive Therapeutics Ltd. (“Revive” or the “Company”) (OTCQB: RVVTF) (CSE: RVV) (FRANKFURT:31R), a specialty life sciences company focused on the research and development of therapeutics for medical needs and rare disorders, is pleased to announce the results of its annual general and special meeting of shareholders held Tuesday, December 19, 2023 (the “Meeting”) in Toronto, Ontario. All matters presented to the shareholders of the Company (the “Shareholders”) for approval as set out in the Company's Notice of Meeting and Information Circular, dated November 10, 2023 respectively, were approved by an overwhelming majority of votes cast at the Meeting. Of the 357,646,841 shares issued and outstanding on the record date for the Meeting, 143,297,862 shares, being 40% of the shares, were voted.",https://www.globenewswire.com/news-release/2023/12/20/2799564/0/en/Revive-Therapeutics-Announces-Results-of-Annual-General-and-Special-Meeting-of-Shareholders.html,Revive Therapeutics,RVVTF,2023-12-20 12:54:00+00:00,globenewswire_biotech,en,0.019999999552965164,0.02500000037252903,473.9599914550781,468.260009765625,0.005000000819563866,25.00000465661298,-5.699981689453125,-1.2026292919691237,26.202633948582104,UP,169400.0,regular_market
14647,MediWound Announces Peer-Reviewed Publication of EscharEx® Mechanism of Action Study Assessing Its Effects on Biofilm and Microbial Loads,"Results show EscharEx to be safe and effective, and suggest it can go beyond traditional expectations for enzymatic debridement Results show EscharEx to be safe and effective, and suggest it can go beyond traditional expectations for enzymatic debridement",https://www.globenewswire.com/news-release/2023/12/21/2799949/30505/en/MediWound-Announces-Peer-Reviewed-Publication-of-EscharEx-Mechanism-of-Action-Study-Assessing-Its-Effects-on-Biofilm-and-Microbial-Loads.html,MediWound,MDWD,2023-12-21 08:00:00+00:00,globenewswire_biotech,en,10.420000076293945,10.350000381469727,468.260009765625,471.3299865722656,-0.06999969482421875,-0.671782095121782,3.069976806640625,0.6556137066193672,-1.3273958017411491,DOWN,22800.0,pre_market
15834,Elicio Therapeutics Announces $7.0 Million Private Placement Financing,"BOSTON, Dec.  22, 2023  (GLOBE NEWSWIRE) -- Elicio Therapeutics, Inc. (Nasdaq: ELTX, “Elicio Therapeutics” or “Elicio”), a clinical-stage biotechnology company developing a pipeline of novel immunotherapies for the treatment of cancer, announced today that it has entered into a subscription agreement to sell 1,213,000 shares of its common stock at a purchase price of $5.81 per share in a private placement to GKCC, LLC. GKCC, LLC is an entity controlled by a member of Elicio’s Board of Directors. Gross proceeds of the private placement are expected to be approximately $7.0 million, before deducting expenses. The private placement is expected to close on December 22, 2023, subject to the satisfaction of customary closing conditions.",https://www.globenewswire.com/news-release/2023/12/22/2800613/0/en/Elicio-Therapeutics-Announces-7-0-Million-Private-Placement-Financing.html,Elicio Therapeutics,ELTX,2023-12-22 09:00:00+00:00,globenewswire_biotech,en,5.800000190734863,5.75,472.70001220703125,473.8599853515625,-0.05000019073486328,-0.8620722256998448,1.15997314453125,0.2453930853767801,-1.1074653110766248,DOWN,52500.0,pre_market
16539,Entera Bio Announces Closing of Private Placement - Extends Cash Runway into 2025,"JERUSALEM, Dec.  26, 2023  (GLOBE NEWSWIRE) -- Entera Bio Ltd. (NASDAQ: ENTX), (“Entera” or the “Company”) a leader in the development of orally delivered peptides and therapeutic proteins, announced that, on December 22, 2023, it closed a private placement with certain existing and new investors. The Company issued and sold 7,916,879 units at a price of $0.835 per unit, each consisting of one ordinary share of Entera (or one pre-funded warrant in lieu thereof), and one five-year warrant. Gross proceeds to Entera, before offering expenses, were approximately $6.6 million, extending the Company’s cash runway into 2025.",https://www.globenewswire.com/news-release/2023/12/26/2801081/0/en/Entera-Bio-Announces-Closing-of-Private-Placement-Extends-Cash-Runway-into-2025.html,Entera Bio,ENTX,2023-12-26 08:00:00+00:00,globenewswire_biotech,en,0.6499999761581421,0.6700000166893005,473.6499938964844,474.07000732421875,0.020000040531158447,3.0769294253470134,0.420013427734375,0.08867590692425269,2.9882535184227605,UP,96800.0,pre_market
15853,NKGen Biotech Announces Clearance of Clinical Trial Application by Health Canada for SNK01 NK Cell Therapy to Treat Alzheimer’s Disease,"NKGen’s SNK01 program continues to show positive progress with the FDA IND clearance in October 2023, and now the CTA clearance by Health Canada for a phase 1/2a clinical trial in moderate Alzheimer’s Disease patients",https://www.globenewswire.com/news-release/2023/12/27/2801339/0/en/NKGen-Biotech-Announces-Clearance-of-Clinical-Trial-Application-by-Health-Canada-for-SNK01-NK-Cell-Therapy-to-Treat-Alzheimer-s-Disease.html,NKGen Biotech,NKGN,2023-12-27 08:00:00+00:00,globenewswire_biotech,en,2.819999933242798,3.25,475.6499938964844,475.44000244140625,0.43000006675720215,15.248229678599065,-0.209991455078125,-0.04414831446919463,15.29237799306826,UP,2311000.0,pre_market
14646,MediWound Secures Additional U.S. Department of Defense Funding to Advance NexoBrid® Development for the U.S. Army,Awarded additional $6.7 million to advance NexoBrid as a non-surgical field care solution; R&D project budget increased to $14.4 million Awarded additional $6.7 million to advance NexoBrid as a non-surgical field care solution; R&D project budget increased to $14.4 million,https://www.globenewswire.com/news-release/2023/12/28/2801651/30505/en/MediWound-Secures-Additional-U-S-Department-of-Defense-Funding-to-Advance-NexoBrid-Development-for-the-U-S-Army.html,MediWound,MDWD,2023-12-28 07:00:00+00:00,globenewswire_biotech,en,10.289999961853027,10.479999542236328,476.510009765625,476.8800048828125,0.18999958038330078,1.8464487957984947,0.3699951171875,0.07764687196591838,1.7688019238325763,UP,61600.0,pre_market
14483,Fortress Biotech Announces Pricing of $11 Million Registered Direct Offering Priced At-the-Market Under Nasdaq Rules,"MIAMI, Dec.  29, 2023  (GLOBE NEWSWIRE) -- Fortress Biotech, Inc. (Nasdaq: FBIO) (“Fortress” or “Company”), an innovative biopharmaceutical company focused on efficiently acquiring, developing and commercializing or monetizing promising therapeutic products and product candidates, today announced that it has entered into a definitive agreement for the issuance and sale of 3,303,305   shares of its common stock and warrants to purchase up to 3,303,305   shares of common stock at a combined offering price of $3.33 per share of common stock and accompanying warrant priced at-the-market under Nasdaq rules. The warrants have an exercise price of $3.21 per share, are immediately exercisable, and will expire five years following the date of issuance.",https://www.globenewswire.com/news-release/2023/12/29/2802052/28889/en/Fortress-Biotech-Announces-Pricing-of-11-Million-Registered-Direct-Offering-Priced-At-the-Market-Under-Nasdaq-Rules.html,Fortress Biotech,FBIO,2023-12-29 08:20:00+00:00,globenewswire_biotech,en,3.890000104904175,3.240000009536743,476.69000244140625,476.489990234375,-0.6500000953674316,-16.709513569111937,-0.20001220703125,-0.04195854874381073,-16.667555020368127,DOWN,2172900.0,pre_market
16672,RAPT Therapeutics to Present at the 42nd Annual J.P. Morgan Healthcare Conference,"SOUTH SAN FRANCISCO, Calif., Jan.  02, 2024  (GLOBE NEWSWIRE) -- RAPT Therapeutics, Inc. (Nasdaq: RAPT), a clinical-stage, immunology-based therapeutics company focused on discovering, developing and commercializing oral small molecule therapies for patients with significant unmet needs in inflammatory diseases and oncology, today announced that Brian Wong, M.D., Ph.D., President and Chief Executive Officer, will present a company overview at the 42nd Annual J.P. Morgan Healthcare Conference on Wednesday, January 10, 2024 at 9:00 a.m. Pacific Time.",https://www.globenewswire.com/news-release/2024/01/02/2802642/0/en/RAPT-Therapeutics-to-Present-at-the-42nd-Annual-J-P-Morgan-Healthcare-Conference.html,RAPT Therapeutics,RAPT,2024-01-02 08:00:00+00:00,globenewswire_biotech,en,198.8000030517578,194.8000030517578,475.30999755859375,472.1600036621094,-4.0,-2.012072403720535,-3.149993896484375,-0.6627240985176333,-1.3493483052029018,DOWN,56150.0,pre_market
15867,Faron Pharmaceuticals to Present at the 42nd Annual J.P. Morgan Healthcare Conference,"TURKU, Finland and BOSTON, Jan.  03, 2024  (GLOBE NEWSWIRE) -- Faron Pharmaceuticals Oy (“Faron” or “Company”) (AIM: FARN, First North: FARON), a clinical stage biopharmaceutical company pursuing a CLEVER approach to reprogramming myeloid cells to activate immunity in hematological and solid tumor microenvironments, today announces that Dr. Markku Jalkanen, Chief Executive Officer, will present at the 42nd Annual J.P. Morgan Healthcare Conference on Thursday January 11, 2024, at 12pm PT, in San Francisco.",https://www.globenewswire.com/news-release/2024/01/03/2803031/0/en/Faron-Pharmaceuticals-to-Present-at-the-42nd-Annual-J-P-Morgan-Healthcare-Conference.html,Faron Pharmaceuticals,FARON.HE,2024-01-03 02:00:00+00:00,globenewswire_biotech,en,3.609999895095825,3.5850000381469727,472.6499938964844,470.42999267578125,-0.02499985694885254,-0.6925168331116789,-2.220001220703125,-0.469692425551862,-0.22282440755981686,DOWN,47499.0,pre_market
16380,Editas Medicine to Present at the 42nd Annual J.P. Morgan Healthcare Conference,"CAMBRIDGE, Mass., Jan.  03, 2024  (GLOBE NEWSWIRE) -- Editas Medicine, Inc. (Nasdaq: EDIT), a clinical-stage genome editing company, today announced that the Company’s President and CEO Gilmore O’Neill, M.B., M.M.Sc., will present at the 42nd Annual J.P. Morgan Healthcare Conference on Tuesday, January 9, 2024, 4:30 p.m. PT / 7:30 p.m. ET in San Francisco, CA.",https://www.globenewswire.com/news-release/2024/01/03/2803160/0/en/Editas-Medicine-to-Present-at-the-42nd-Annual-J-P-Morgan-Healthcare-Conference.html,Editas Medicine,EDIT,2024-01-03 07:00:00+00:00,globenewswire_biotech,en,9.979999542236328,9.779999732971191,472.6499938964844,470.42999267578125,-0.19999980926513672,-2.0040061967810527,-2.220001220703125,-0.469692425551862,-1.5343137712291908,DOWN,1380800.0,pre_market
15594,InspireMD Announces Appointment of Medical Technology Executive Pete Ligotti as Executive Vice President and General Manager of North America,Appointment brings more than 30 years of medical technology general management and commercial leadership experience to the InspireMD team,https://www.globenewswire.com/news-release/2024/01/03/2803154/0/en/InspireMD-Announces-Appointment-of-Medical-Technology-Executive-Pete-Ligotti-as-Executive-Vice-President-and-General-Manager-of-North-America.html,InspireMD,NSPR,2024-01-03 07:00:00+00:00,globenewswire_biotech,en,2.7100000381469727,2.630000114440918,472.6499938964844,470.42999267578125,-0.07999992370605469,-2.9520266634666377,-2.220001220703125,-0.469692425551862,-2.4823342379147757,DOWN,8900.0,pre_market
16538,Entera Bio Receives Extension from Nasdaq to Regain Compliance with Minimum Bid Price Rule,"JERUSALEM, Jan.  03, 2024  (GLOBE NEWSWIRE) -- Entera Bio Ltd. (NASDAQ: ENTX), (“Entera” or the “Company”) a leader in the development of orally delivered peptides and therapeutic proteins, announced that, on December 27, 2023, it received an extension of 180 calendar days from the Nasdaq Stock Market LLC (“Nasdaq”) to regain compliance with the Nasdaq’s minimum $1.00 bid price requirement set forth in Nasdaq Listing Rule 5550(a)(2) for continued listing on the Nasdaq Capital Market (the “Bid Price Requirement”). The Nasdaq determination is based on the Company meeting the continued listing requirement for market value of publicly held shares and all other applicable requirements for initial listing on the Nasdaq Capital Market with the exception of the Bid Price Requirement.",https://www.globenewswire.com/news-release/2024/01/03/2803257/0/en/Entera-Bio-Receives-Extension-from-Nasdaq-to-Regain-Compliance-with-Minimum-Bid-Price-Rule.html,Entera Bio,ENTX,2024-01-03 08:00:00+00:00,globenewswire_biotech,en,0.6549999713897705,0.6600000262260437,472.6499938964844,470.42999267578125,0.005000054836273193,0.7633671839197399,-2.220001220703125,-0.469692425551862,1.233059609471602,UP,68200.0,pre_market
16057,Akero Therapeutics to Present at the 42nd Annual J.P. Morgan Healthcare Conference,"SOUTH SAN FRANCISCO, Calif., Jan.  03, 2024  (GLOBE NEWSWIRE) -- Akero Therapeutics, Inc. (Nasdaq: AKRO), a clinical-stage company developing transformational treatments for patients with serious metabolic diseases marked by high unmet medical need, today announced that management will present at the 42nd Annual J.P. Morgan Healthcare Conference on Monday, January 8, 2024, at 09:45 a.m. P.T. in San Francisco, CA.",https://www.globenewswire.com/news-release/2024/01/03/2803286/0/en/Akero-Therapeutics-to-Present-at-the-42nd-Annual-J-P-Morgan-Healthcare-Conference.html,Akero Therapeutics,AKRO,2024-01-03 08:15:00+00:00,globenewswire_biotech,en,23.479999542236328,23.309999465942383,472.6499938964844,470.42999267578125,-0.1700000762939453,-0.7240207819772122,-2.220001220703125,-0.469692425551862,-0.2543283564253502,DOWN,898400.0,pre_market
16340,CRISPR Therapeutics to Present at the 42nd Annual J.P. Morgan Healthcare Conference,"ZUG, Switzerland and BOSTON, Jan.  03, 2024  (GLOBE NEWSWIRE) -- CRISPR Therapeutics (Nasdaq: CRSP), a biopharmaceutical company focused on creating transformative gene-based medicines for serious diseases, today announced that members of its senior management team will present at the 42nd Annual J.P. Morgan Healthcare Conference on Tuesday, January 9, 2024, at 2:15 p.m. PT in San Francisco.",https://www.globenewswire.com/news-release/2024/01/03/2803326/0/en/CRISPR-Therapeutics-to-Present-at-the-42nd-Annual-J-P-Morgan-Healthcare-Conference.html,CRISPR Therapeutics,CRSP,2024-01-03 08:30:00+00:00,globenewswire_biotech,en,66.05999755859375,64.58000183105469,472.6499938964844,470.42999267578125,-1.4799957275390625,-2.240381141743669,-2.220001220703125,-0.469692425551862,-1.770688716191807,DOWN,1992600.0,pre_market
16651,Celularity Announces Net Sales and Total Revenue Expectations for Fourth Quarter 2023 and Full Year 2023,"Celularity expects net sales of its biomaterial products and biobanking businesses to be in the range of $11.4 million to $12.1 million for the fourth quarter 2023 and $22.06 million to $22.76 million for the full year 2023 reflecting triple-digit increases compared to the fourth quarter 2022 and full year 2022, respectively. These numbers do not include revenue from other sources, including research contracts such as the Company’s previously announced multi-year research collaboration services agreement with Regeneron.",https://www.globenewswire.com/news-release/2024/01/03/2803517/0/en/Celularity-Announces-Net-Sales-and-Total-Revenue-Expectations-for-Fourth-Quarter-2023-and-Full-Year-2023.html,Celularity,CELU,2024-01-03 12:00:00+00:00,globenewswire_biotech,en,2.799999952316284,2.809999942779541,470.42999267578125,468.7900085449219,0.009999990463256836,0.3571425226269879,-1.639984130859375,-0.34861385464205435,0.7057563772690423,UP,176020.0,regular_market
15450,Adagene To Present Interim Results of Masked anti-CTLA-4 SAFEbody® ADG126 (muzastotug) in Combination with Pembrolizumab in MSS CRC at ASCO-GI Symposium,"- Interim results in MSS CRC suggest that SAFEbody precision masking technology enables a new standard for anti-CTLA-4 therapy at higher, more frequent and repeat doses by overcoming longtime safety-limited efficacy challenges with this proven immunotherapy target -",https://www.globenewswire.com/news-release/2024/01/04/2803770/0/en/Adagene-To-Present-Interim-Results-of-Masked-anti-CTLA-4-SAFEbody-ADG126-muzastotug-in-Combination-with-Pembrolizumab-in-MSS-CRC-at-ASCO-GI-Symposium.html,Adagene,ADAG,2024-01-04 05:00:00+00:00,globenewswire_biotech,en,2.125,2.180000066757202,468.7900085449219,468.29998779296875,0.05500006675720215,2.588238435633042,-0.490020751953125,-0.10452883871695587,2.692767274349998,UP,31000.0,pre_market
16238,"Immix Biopharma Announces Dr. Vaishali Sanchorawala, AL Amyloidosis Thought Leader, Director of the Amyloidosis Center at Boston University and Boston Medical Center, Joins Scientific Advisory Board","Dr. Sanchorawala co-authored landmark study of daratumumab (DARZALEX®) in AL Amyloidosis published in The New England Journal of Medicine, 2021 that led to it becoming a first-line standard of care Dr. Sanchorawala co-authored landmark study of daratumumab (DARZALEX®) in AL Amyloidosis published in The New England Journal of Medicine, 2021 that led to it becoming a first-line standard of care",https://www.globenewswire.com/news-release/2024/01/04/2804098/0/en/Immix-Biopharma-Announces-Dr-Vaishali-Sanchorawala-AL-Amyloidosis-Thought-Leader-Director-of-the-Amyloidosis-Center-at-Boston-University-and-Boston-Medical-Center-Joins-Scientific-.html,Immix Biopharma,IMMX,2024-01-04 09:34:00+00:00,globenewswire_biotech,en,6.110000133514404,6.050000190734863,468.29998779296875,467.2799987792969,-0.059999942779541016,-0.9819957687141606,-1.019989013671875,-0.21780675640820282,-0.7641890123059578,DOWN,75700.0,regular_market
16650,Celularity Confirms Commercialization Agreement with BioCellgraft for the Manufacture and Distribution of Advanced Biomaterial Products for Use in Oral Healthcare,"FLORHAM PARK, N.J., Jan.  04, 2024  (GLOBE NEWSWIRE) -- Celularity Inc. (Nasdaq: CELU) (the “Company”) a biotechnology company developing allogeneic cell therapies and advanced biomaterial products, today confirmed that it has entered into an exclusive U.S. strategic commercialization agreement with BioCellgraft, Inc. (“BioCellgraft”) under which Celularity will manufacture advanced biomaterial products for BioCellgraft which BioCellgraft will distribute in the United States for use in multiple dental/oral healthcare applications. A copy of BioCellgraft’s announcement of the agreement can be accessed here: https://www.prweb.com/releases/biocellgraft-finalizes-commercialization-agreement-with-celularity-for-the-manufacture-and-distribution-of-products-for-therapeutic-use-in-oral-healthcare-302025082.html.",https://www.globenewswire.com/news-release/2024/01/04/2804245/0/en/Celularity-Confirms-Commercialization-Agreement-with-BioCellgraft-for-the-Manufacture-and-Distribution-of-Advanced-Biomaterial-Products-for-Use-in-Oral-Healthcare.html,Celularity,CELU,2024-01-04 13:00:00+00:00,globenewswire_biotech,en,3.0,2.549999952316284,468.29998779296875,467.2799987792969,-0.4500000476837158,-15.000001589457193,-1.019989013671875,-0.21780675640820282,-14.78219483304899,DOWN,240620.0,regular_market
15299,"Tiziana Life Sciences to Present at Biotech Showcase Conference in San Francisco, January 8-10, 2024","Tiziana Life Sciences to Present at Biotech Showcase Conference in San Francisco, January 8-10, 2024",https://www.globenewswire.com/news-release/2024/01/05/2804707/0/en/Tiziana-Life-Sciences-to-Present-at-Biotech-Showcase-Conference-in-San-Francisco-January-8-10-2024.html,Tiziana Life Sciences,TLSA,2024-01-05 09:30:00+00:00,globenewswire_biotech,en,0.5600000023841858,0.6100000143051147,467.489990234375,467.9200134277344,0.050000011920928955,8.928573519295567,0.430023193359375,0.09198554029868829,8.836587978996878,UP,255800.0,regular_market
15298,Tiziana Life Sciences Announces Updated Clinical and PET Scan Findings for Intranasal Foralumab in Two New Multiple Sclerosis Patients,"NEW YORK, Jan.  08, 2024  (GLOBE NEWSWIRE) -- Tiziana Life Sciences Ltd. (Nasdaq: TLSA) (“Tiziana” or the “Company”), a biotechnology company developing breakthrough neuro-immunomodulation therapies, today announced positive findings have been seen in a total of six out of eight Intermediate Size Patient Population Expanded Access (EA) patients. These patients have shown improvements in fatigue scores measured by the Modified Fatigue Impact Scale (MFIS). PET scan findings showing a reduction in microglial activation was also seen in the six patients with MFIS score improvement at the three-month evaluation period. PET scan findings for two additional EA patients (10 total) are planned to be available in late January.",https://www.globenewswire.com/news-release/2024/01/08/2805251/0/en/Tiziana-Life-Sciences-Announces-Updated-Clinical-and-PET-Scan-Findings-for-Intranasal-Foralumab-in-Two-New-Multiple-Sclerosis-Patients.html,Tiziana Life Sciences,TLSA,2024-01-08 07:00:00+00:00,globenewswire_biotech,en,0.6100000143051147,0.5899999737739563,467.9200134277344,468.42999267578125,-0.020000040531158447,-3.278695092153664,0.509979248046875,0.10898855219101165,-3.387683644344676,DOWN,80100.0,pre_market
16339,CRISPR Therapeutics Highlights Strategic Priorities and 2024 Outlook,"ZUG, Switzerland and BOSTON, Jan.  08, 2024  (GLOBE NEWSWIRE) -- CRISPR Therapeutics (Nasdaq: CRSP), a biopharmaceutical company focused on creating transformative gene-based medicines for serious diseases, today highlighted its strategic priorities and 2024 outlook as the Company enters its next phase of growth.",https://www.globenewswire.com/news-release/2024/01/08/2805274/0/en/CRISPR-Therapeutics-Highlights-Strategic-Priorities-and-2024-Outlook.html,CRISPR Therapeutics,CRSP,2024-01-08 07:00:00+00:00,globenewswire_biotech,en,60.66999816894531,60.54999923706055,467.9200134277344,468.42999267578125,-0.11999893188476562,-0.1977895755833211,0.509979248046875,0.10898855219101165,-0.3067781277743328,DOWN,2072300.0,pre_market
15568,PepGen Announces First Patient Dosed in CONNECT1-EDO51 Phase 2 Clinical Trial of PGN-EDO51 for Duchenne Muscular Dystrophy Patients Amenable to Exon 51 Skipping,"- Preliminary data from the 5 mg/kg PGN-EDO51 dose level in the CONNECT1-EDO51 Phase 2 trial are expected mid-2024: including initial safety, exon 51 skipping and dystrophin protein production data -",https://www.globenewswire.com/news-release/2024/01/08/2805272/0/en/PepGen-Announces-First-Patient-Dosed-in-CONNECT1-EDO51-Phase-2-Clinical-Trial-of-PGN-EDO51-for-Duchenne-Muscular-Dystrophy-Patients-Amenable-to-Exon-51-Skipping.html,PepGen,PEPG,2024-01-08 07:00:00+00:00,globenewswire_biotech,en,7.710000038146973,7.579999923706055,467.9200134277344,468.42999267578125,-0.13000011444091797,-1.6861233955604789,0.509979248046875,0.10898855219101165,-1.7951119477514905,DOWN,34200.0,pre_market
16379,Editas Medicine Highlights 2024 Anticipated Milestones and Strategic Priorities at the J.P. Morgan Healthcare Conference,"Anticipated 2024 milestones include: present reni-cel clinical data updates mid-year and year-end, initiate the RUBY clinical trial adolescent cohort, establish in vivo preclinical proof-of-concept for an undisclosed indication, and continue to sublicense foundational IP",https://www.globenewswire.com/news-release/2024/01/08/2805430/0/en/Editas-Medicine-Highlights-2024-Anticipated-Milestones-and-Strategic-Priorities-at-the-J-P-Morgan-Healthcare-Conference.html,Editas Medicine,EDIT,2024-01-08 08:15:00+00:00,globenewswire_biotech,en,9.09000015258789,9.029999732971191,467.9200134277344,468.42999267578125,-0.06000041961669922,-0.660070611765802,0.509979248046875,0.10898855219101165,-0.7690591639568136,DOWN,1484300.0,pre_market
